0,内用薬,MSコンチン,モルヒネ硫酸塩水和物
0,内用薬,アイクルシグ,ポナチニブ塩酸塩
0,内用薬,アイセントレス,ラルテグラビルカリウム
0,内用薬,アイトロール,一硝酸イソソルビド
0,内用薬,アイピーディ,スプラタストトシル酸塩
0,内用薬,アイミクス,イルベサルタン・アムロジピンベシル酸塩
0,内用薬,アクトス,ピオグリタゾン塩酸塩
0,内用薬,アクトネル,リセドロン酸ナトリウム水和物
0,内用薬,アグリリン,アナグレリド塩酸塩水和物
0,内用薬,アコファイド,アコチアミド塩酸塩水和物
0,内用薬,アサコール,メサラジン
0,内用薬,アザルフィジン,サラゾスルファピリジン
0,内用薬,アシノン,ニザチジン
0,内用薬,アジルバ,アジルサルタン
0,内用薬,アジレクト,ラサギリンメシル酸塩
0,内用薬,アストミン,ジメモルファンリン酸塩
0,内用薬,アスペノン,アプリンジン塩酸塩
0,内用薬,アズロキサ,エグアレンナトリウム水和物
0,内用薬,アセチルスピラマイシン,スピラマイシン酢酸エステル
0,内用薬,アゼプチン,アゼラスチン塩酸塩
0,内用薬,アダラート,ニフェジピン
0,内用薬,アテディオ,バルサルタン・シルニジピン
0,内用薬,アテレック,シルニジピン
0,内用薬,アデカット,デラプリル塩酸塩
0,内用薬,アデムパス,リオシグアト
0,内用薬,アトーゼット,エゼチミブ・アトルバスタチンカルシウム水和物
0,内用薬,アドシルカ,タダラフィル
0,内用薬,アドビオール,ブフェトロール塩酸塩
0,内用薬,アナフラニール,クロミプラミン塩酸塩
0,内用薬,アバプロ,イルベサルタン
0,内用薬,アフィニトール,エベロリムス
0,内用薬,アブストラル,フェンタニルクエン酸塩
0,内用薬,アプレース,トロキシピド
0,内用薬,アベロックス,モキシフロキサシン塩酸塩
0,内用薬,アボルブ,デュタステリド
0,内用薬,アマリール,グリメピリド
0,内用薬,アマージ,ナラトリプタン塩酸塩
0,内用薬,アミティーザ,ルビプロストン
0,内用薬,アミノレバン,肝不全用成分栄養剤
0,内用薬,アミユー,総合アミノ酸製剤
0,内用薬,アムノレイク,タミバロテン
0,内用薬,アムロジン,アムロジピンベシル酸塩
0,内用薬,アメナリーフ,アメナメビル
0,内用薬,アメパロモ,パロモマイシン硫酸塩
0,内用薬,アモキサン,アモキサピン
0,内用薬,アモバン,ゾピクロン
0,内用薬,アラグリオ,アミノレブリン酸塩酸塩
0,内用薬,アラバ,レフルノミド
0,内用薬,アラベル,アミノレブリン酸塩酸塩
0,内用薬,アリセプト,ドネペジル塩酸塩
0,内用薬,アリミデックス,アナストロゾール
0,内用薬,アルギU,L-アルギニン・L-アルギニン塩酸塩
0,内用薬,アルケラン,メルファラン
0,内用薬,アルサルミン,スクラルファート水和物
0,内用薬,アルタット,ロキサチジン酢酸エステル塩酸塩
0,内用薬,アルファロール,アルファカルシドール
0,内用薬,アルボ,オキサプロジン
0,内用薬,アルンブリグ,ブリグチニブ
0,内用薬,アレギサール,ペミロラストカリウム
0,内用薬,アレグラ,フェキソフェナジン塩酸塩
0,内用薬,アレジオン,エピナスチン塩酸塩
0,内用薬,アレセンサ,アレクチニブ塩酸塩
0,内用薬,アレロック,オロパタジン塩酸塩
0,内用薬,アロフト,アフロクアロン
0,内用薬,アロマシン,エキセメスタン
0,内用薬,アンカロン,アミオダロン塩酸塩
0,内用薬,アンコチル,フルシトシン
0,内用薬,アンプラーグ,サルポグレラート塩酸塩
0,内用薬,アンプリット,ロフェプラミン塩酸塩
0,内用薬,アーチスト,カルベジロール
0,内用薬,アーリーダ,アパルタミド
0,内用薬,イクスタンジ,エンザルタミド
0,内用薬,イグザレルト,リバーロキサバン
0,内用薬,イスツリサ,オシロドロスタットリン酸塩
0,内用薬,イソバイド,イソソルビド
0,内用薬,イソプリノシン,イノシンプラノベクス
0,内用薬,イソメニール,dl-イソプレナリン塩酸塩
0,内用薬,イトリゾール,イトラコナゾール
0,内用薬,イニシンク,アログリプチン安息香酸塩・メトホルミン塩酸塩
0,内用薬,イノベロン,ルフィナミド
0,内用薬,イノラス,経腸成分栄養剤
0,内用薬,イノリン,トリメトキノール塩酸塩水和物
0,内用薬,イフェクサー,ベンラファキシン塩酸塩
0,内用薬,イブランス,パルボシクリブ
0,内用薬,イミグラン,スマトリプタンコハク酸塩
0,内用薬,イムセラ,フィンゴリモド塩酸塩
0,内用薬,イムブルビカ,イブルチニブ
0,内用薬,イメンド,アプレピタント
0,内用薬,イリボー,ラモセトロン塩酸塩
0,内用薬,イルトラ,イルベサルタン・トリクロルメチアジド
0,内用薬,イルベタン,イルベサルタン
0,内用薬,イレッサ,ゲフィチニブ
0,内用薬,インチュニブ,グアンファシン塩酸塩
0,内用薬,インフリー,インドメタシン ファルネシル
0,内用薬,インライタ,アキシチニブ
0,内用薬,インヴェガ,パリペリドン
0,内用薬,イーケプラ,レベチラセタム
0,内用薬,イーシー・ドパール,レボドパ・ベンセラジド塩酸塩
0,内用薬,イーフェン,フェンタニルクエン酸塩
0,内用薬,ウェールナラ,エストラジオール・レボノルゲストレル
0,内用薬,ウテメリン,リトドリン塩酸塩
0,内用薬,ウプトラビ,セレキシパグ
0,内用薬,ウラリット,クエン酸カリウム・クエン酸ナトリウム水和物
0,内用薬,ウリアデック,トピロキソスタット
0,内用薬,ウリトス,イミダフェナシン
0,内用薬,ウルグート,ベネキサート塩酸塩 ベータデクス
0,内用薬,ウロカルン,ウラジロガシエキス
0,内用薬,エカード,カンデサルタンシレキセチル・ヒドロクロロチアジド
0,内用薬,エクア,ビルダグリプチン
0,内用薬,エクセグラン,ゾニサミド
0,内用薬,エクフィナ,サフィナミドメシル酸塩
0,内用薬,エクメット,ビルダグリプチン・メトホルミン塩酸塩
0,内用薬,エザルミア,バレメトスタットトシル酸塩
0,内用薬,エジュラント,リルピビリン塩酸塩
0,内用薬,エスカゾール,アルベンダゾール
0,内用薬,エストラサイト,エストラムスチンリン酸エステルナトリウム水和物
0,内用薬,エックスフォージ,バルサルタン・アムロジピンベシル酸塩
0,内用薬,エディロール,エルデカルシトール
0,内用薬,エドルミズ,アナモレリン塩酸塩
0,内用薬,エナロイ,エナロデュスタット
0,内用薬,エネーボ,経腸成分栄養剤
0,内用薬,エバステル,エバスチン
0,内用薬,エバミール,ロルメタゼパム
0,内用薬,エパデール,イコサペント酸エチル
0,内用薬,エビスタ,ラロキシフェン塩酸塩
0,内用薬,エビリファイ,アリピプラゾール
0,内用薬,エピビル,ラミブジン
0,内用薬,エフィエント,プラスグレル塩酸塩
0,内用薬,エフピー,セレギリン塩酸塩
0,内用薬,エフメノ,プロゲステロン
0,内用薬,エブランチル,ウラピジル
0,内用薬,エブリスディ,リスジプラム
0,内用薬,エプクルーサ,ソホスブビル・ベルパタスビル
0,内用薬,エプジコム,ラミブジン・アバカビル硫酸塩
0,内用薬,エベレンゾ,ロキサデュスタット
0,内用薬,エボザック,セビメリン塩酸塩水和物
0,内用薬,エミレース,ネモナプリド
0,内用薬,エラスチーム,エラスターゼ
0,内用薬,エリキュース,アピキサバン
0,内用薬,エルカルチン,レボカルニチン
0,内用薬,エレンタール,経腸成分栄養剤
0,内用薬,エンシュア,経腸成分栄養剤
0,内用薬,エンレスト,サクビトリルバルサルタンナトリウム水和物
0,内用薬,エースコール,テモカプリル塩酸塩
0,内用薬,オイグルコン,グリベンクラミド
0,内用薬,オキシコンチン,オキシコドン塩酸塩水和物
0,内用薬,オキノーム,オキシコドン塩酸塩水和物
0,内用薬,オステラック,エトドラク
0,内用薬,オゼックス,トスフロキサシントシル酸塩水和物
0,内用薬,オダイン,フルタミド
0,内用薬,オテズラ,アプレミラスト
0,内用薬,オデフシィ,リルピビリン塩酸塩・エムトリシタビン・テノホビル アラフェナミドフマル酸塩
0,内用薬,オドリック,トランドラプリル
0,内用薬,オノン,プランルカスト水和物
0,内用薬,オパルモン,リマプロスト アルファデクス
0,内用薬,オファコル,コール酸
0,内用薬,オフェブ,ニンテダニブエタンスルホン酸塩
0,内用薬,オプスミット,マシテンタン
0,内用薬,オプソ,モルヒネ塩酸塩水和物
0,内用薬,オペプリム,ミトタン
0,内用薬,オメプラゾン,オメプラゾール
0,内用薬,オメプラール,オメプラゾール
0,内用薬,オラスポア,セフロキサジン水和物
0,内用薬,オラセフ,セフロキシム アキセチル
0,内用薬,オラデオ,ベロトラルスタット塩酸塩
0,内用薬,オラペネム,テビペネム ピボキシル
0,内用薬,オルケディア,エボカルセト
0,内用薬,オルミエント,バリシチニブ
0,内用薬,オルメテック,オルメサルタンメドキソミル
0,内用薬,オングリザ,サキサグリプチン水和物
0,内用薬,オンジェンティス,オピカポン
0,内用薬,オークル,アクタリット
0,内用薬,オーグメンチン,アモキシシリン水和物・クラブラン酸カリウム
0,内用薬,オーファディン,ニチシノン
0,内用薬,カイトリル,グラニセトロン塩酸塩
0,内用薬,カイロック,シメチジン
0,内用薬,カソデックス,ビカルタミド
0,内用薬,カタプレス,クロニジン塩酸塩
0,内用薬,カデュエット,アムロジピンベシル酸塩・アトルバスタチンカルシウム水和物
0,内用薬,カナグル,カナグリフロジン水和物
0,内用薬,カナリア,テネリグリプチン臭化水素酸塩水和物・カナグリフロジン水和物
0,内用薬,カバサール,カベルゴリン
0,内用薬,カプトリル,カプトプリル
0,内用薬,カプレルサ,バンデタニブ
0,内用薬,カボメティクス,カボザンチニブリンゴ酸塩
0,内用薬,カルグート,デノパミン
0,内用薬,カルケンス,アカラブルチニブ
0,内用薬,カルスロット,マニジピン塩酸塩
0,内用薬,カルタン,沈降炭酸カルシウム
0,内用薬,カルデナリン,ドキサゾシンメシル酸塩
0,内用薬,カルバン,ベバントロール塩酸塩
0,内用薬,カルビスケン,ピンドロール
0,内用薬,カルブロック,アゼルニジピン
0,内用薬,カレトラ,ロピナビル・リトナビル
0,内用薬,カログラ,カロテグラストメチル
0,内用薬,カーバグル,カルグルミン酸
0,内用薬,ガスター,ファモチジン
0,内用薬,ガスチーム,プロナーゼ
0,内用薬,ガストローム,エカベトナトリウム水和物
0,内用薬,ガスモチン,モサプリドクエン酸塩水和物
0,内用薬,ガスロンN,イルソグラジンマレイン酸塩
0,内用薬,ガナトン,イトプリド塩酸塩
0,内用薬,ガバペン,ガバペンチン
0,内用薬,ガラフォルド,ミガーラスタット塩酸塩
0,内用薬,ガランターゼ,β-ガラクトシダーゼ（アスペルギルス）
0,内用薬,キックリン,ビキサロマー
0,内用薬,キネダック,エパルレスタット
0,内用薬,キプレス,モンテルカストナトリウム
0,内用薬,キャブピリン,アスピリン・ボノプラザンフマル酸塩
0,内用薬,クエストラン,コレスチラミン
0,内用薬,クラバモックス,アモキシシリン水和物・クラブラン酸カリウム
0,内用薬,クラビット,レボフロキサシン水和物
0,内用薬,クラリシッド,クラリスロマイシン
0,内用薬,クラリス,クラリスロマイシン
0,内用薬,クラリチン,ロラタジン
0,内用薬,クリアナール,フドステイン
0,内用薬,クレストール,ロスバスタチンカルシウム
0,内用薬,クレセンバ,イサブコナゾニウム硫酸塩
0,内用薬,クレミン,モサプラミン塩酸塩
0,内用薬,クレメジン,球形吸着炭
0,内用薬,クロザリル,クロザピン
0,内用薬,クロフェクトン,クロカプラミン塩酸塩水和物
0,内用薬,グラクティブ,シタグリプチンリン酸塩水和物
0,内用薬,グラケー,メナテトレノン
0,内用薬,グラセプター,タクロリムス水和物
0,内用薬,グラマリール,チアプリド塩酸塩
0,内用薬,グランダキシン,トフィソパム
0,内用薬,グリベック,イマチニブメシル酸塩
0,内用薬,グリミクロン,グリクラジド
0,内用薬,グルコンサン,グルコン酸カリウム
0,内用薬,グルファスト,ミチグリニドカルシウム水和物
0,内用薬,グルベス,ミチグリニドカルシウム水和物・ボグリボース
0,内用薬,グレースビット,シタフロキサシン水和物
0,内用薬,グーフィス,エロビキシバット水和物
0,内用薬,ケアラム,イグラチモド
0,内用薬,ケアロード,ベラプロストナトリウム
0,内用薬,ケイキサレート,ポリスチレンスルホン酸ナトリウム
0,内用薬,ケイツー,メナテトレノン
0,内用薬,ケタス,イブジラスト
0,内用薬,ケフラール,セファクロル
0,内用薬,ケフレックス,セファレキシン
0,内用薬,ケルロング,ベタキソロール塩酸塩
0,内用薬,ケレンディア,フィネレノン
0,内用薬,ゲンボイヤ,エルビテグラビル・コビシスタット・エムトリシタビン・テノホビル アラフェナミドフマル酸塩
0,内用薬,コスパノン,フロプロピオン
0,内用薬,コセルゴ,セルメチニブ硫酸塩
0,内用薬,コディオ,バルサルタン・ヒドロクロロチアジド
0,内用薬,コニール,ベニジピン塩酸塩
0,内用薬,コバシル,ペリンドプリルエルブミン
0,内用薬,コムタン,エンタカポン
0,内用薬,コメリアン,ジラゼプ塩酸塩水和物
0,内用薬,コララン,イバブラジン塩酸塩
0,内用薬,コルドリン,クロフェダノール塩酸塩
0,内用薬,コレアジン,テトラベナジン
0,内用薬,コレチメント,ブデソニド
0,内用薬,コレバイン,コレスチミド
0,内用薬,コレミナール,フルタゾラム
0,内用薬,コロネル,ポリカルボフィルカルシウム
0,内用薬,コロンフォート,硫酸バリウム
0,内用薬,コンサータ,メチルフェニデート塩酸塩
0,内用薬,コンスタン,アルプラゾラム
0,内用薬,コンバントリン,ピランテルパモ酸塩
0,内用薬,コンビビル,ジドブジン・ラミブジン
0,内用薬,コンプラビン,クロピドグレル硫酸塩・アスピリン
0,内用薬,サアミオン,ニセルゴリン
0,内用薬,サイスタダン,ベタイン
0,内用薬,サイトテック,ミソプロストール
0,内用薬,サイバインコ,アブロシチニブ
0,内用薬,サイレース,フルニトラゼパム
0,内用薬,サインバルタ,デュロキセチン塩酸塩
0,内用薬,サチュロ,ベダキリンフマル酸塩
0,内用薬,サデルガ,エリグルスタット酒石酸塩
0,内用薬,サノレックス,マジンドール
0,内用薬,サブリル,ビガバトリン
0,内用薬,サムスカ,トルバプタン
0,内用薬,サムチレール,アトバコン
0,内用薬,サラジェン,ピロカルピン塩酸塩
0,内用薬,サラゾピリン,サラゾスルファピリジン
0,内用薬,サリグレン,セビメリン塩酸塩水和物
0,内用薬,サルプレップ,無水硫酸ナトリウム・硫酸カリウム・硫酸マグネシウム水和物
0,内用薬,サレド,サリドマイド
0,内用薬,サワシリン,アモキシシリン水和物
0,内用薬,サンディミュン,シクロスポリン
0,内用薬,サンリズム,ピルシカイニド塩酸塩水和物
0,内用薬,サーティカン,エベロリムス
0,内用薬,ザイアジェン,アバカビル硫酸塩
0,内用薬,ザイザル,レボセチリジン塩酸塩
0,内用薬,ザイティガ,アビラテロン酢酸エステル
0,内用薬,ザイボックス,リネゾリド
0,内用薬,ザイロリック,アロプリノール
0,内用薬,ザクラス,アジルサルタン・アムロジピンベシル酸塩
0,内用薬,ザジテン,ケトチフェンフマル酸塩
0,内用薬,ザファテック,トレラグリプチンコハク酸塩
0,内用薬,ザルティア,タダラフィル
0,内用薬,ザーコリ,クリゾチニブ
0,内用薬,シアリス,タダラフィル
0,内用薬,シクレスト,アセナピンマレイン酸塩
0,内用薬,シグマート,ニコランジル
0,内用薬,シダキュア,スギ花粉エキス
0,内用薬,シプロキサン,シプロフロキサシン塩酸塩
0,内用薬,シベクトロ,テジゾリドリン酸エステル
0,内用薬,シベノール,シベンゾリンコハク酸塩
0,内用薬,シムツーザ,ダルナビル エタノール付加物・コビシスタット・エムトリシタビン・テノホビル アラフェナミドフマル酸塩
0,内用薬,シュアポスト,レパグリニド
0,内用薬,シュンレンカ,レナカパビルナトリウム
0,内用薬,シングレア,モンテルカストナトリウム
0,内用薬,シンメトレル,アマンタジン塩酸塩
0,内用薬,シンレスタール,プロブコール
0,内用薬,シーエルセントリ,マラビロク
0,内用薬,ジェイゾロフト,セルトラリン塩酸塩
0,内用薬,ジェセリ,ピミテスピブ
0,内用薬,ジェニナック,メシル酸ガレノキサシン水和物
0,内用薬,ジェミーナ,レボノルゲストレル・エチニルエストラジオール
0,内用薬,ジオトリフ,アファチニブマレイン酸塩
0,内用薬,ジカディア,セリチニブ
0,内用薬,ジスバル,バルベナジントシル酸塩
0,内用薬,ジスロマック,アジスロマイシン水和物
0,内用薬,ジセレカ,フィルゴチニブマレイン酸塩
0,内用薬,ジフルカン,フルコナゾール
0,内用薬,ジプレキサ,オランザピン
0,内用薬,ジャカビ,ルキソリチニブリン酸塩
0,内用薬,ジャクスタピッド,ロミタピドメシル酸塩
0,内用薬,ジャディアンス,エンパグリフロジン
0,内用薬,ジャドニュ,デフェラシロクス
0,内用薬,ジャヌビア,シタグリプチンリン酸塩水和物
0,内用薬,ジャルカ,ドルテグラビルナトリウム・リルピビリン塩酸塩
0,内用薬,ジュリナ,エストラジオール
0,内用薬,ジルテック,セチリジン塩酸塩
0,内用薬,ジレニア,フィンゴリモド塩酸塩
0,内用薬,スイニー,アナグリプチン
0,内用薬,スインプロイク,ナルデメジントシル酸塩
0,内用薬,スオード,プルリフロキサシン
0,内用薬,スタラシド,シタラビン オクホスファート水和物
0,内用薬,スタレボ,レボドパ・カルビドパ水和物・エンタカポン
0,内用薬,スターシス,ナテグリニド
0,内用薬,スチバーガ,レゴラフェニブ水和物
0,内用薬,ステーブラ,イミダフェナシン
0,内用薬,ストラテラ,アトモキセチン塩酸塩
0,内用薬,ストロメクトール,イベルメクチン
0,内用薬,スパカール,トレピブトン
0,内用薬,スピロピタン,スピペロン
0,内用薬,スピロペント,クレンブテロール塩酸塩
0,内用薬,スプリセル,ダサチニブ水和物
0,内用薬,スプレンジール,フェロジピン
0,内用薬,スペリア,フドステイン
0,内用薬,スマイラフ,ペフィシチニブ臭化水素酸塩
0,内用薬,スーグラ,イプラグリフロジン L-プロリン
0,内用薬,スージャヌ,シタグリプチンリン酸塩水和物・イプラグリフロジン L-プロリン
0,内用薬,スーテント,スニチニブリンゴ酸塩
0,内用薬,セイブル,ミグリトール
0,内用薬,セキソビット,シクロフェニル
0,内用薬,セスデン,チメピジウム臭化物水和物
0,内用薬,セタプリル,アラセプリル
0,内用薬,セディール,タンドスピロンクエン酸塩
0,内用薬,セパゾン,クロキサゾラム
0,内用薬,セパミット,ニフェジピン
0,内用薬,セファドール,ジフェニドール塩酸塩
0,内用薬,セフスパン,セフィキシム水和物
0,内用薬,セフゾン,セフジニル
0,内用薬,セムブリックス,アシミニブ塩酸塩
0,内用薬,セララ,エプレレノン
0,内用薬,セリンクロ,ナルメフェン塩酸塩水和物
0,内用薬,セルセプト,ミコフェノール酸 モフェチル
0,内用薬,セルニルトン,セルニチンポーレンエキス
0,内用薬,セルベックス,テプレノン
0,内用薬,セレクトール,セリプロロール塩酸塩
0,内用薬,セレコックス,セレコキシブ
0,内用薬,セレジスト,タルチレリン水和物
0,内用薬,セレナール,オキサゾラム
0,内用薬,セレニカ,バルプロ酸ナトリウム
0,内用薬,セロクエル,クエチアピンフマル酸塩
0,内用薬,セロクラール,イフェンプロジル酒石酸塩
0,内用薬,セロケン,メトプロロール酒石酸塩
0,内用薬,セロシオン,プロパゲルマニウム
0,内用薬,ゼジューラ,ニラパリブトシル酸塩水和物
0,内用薬,ゼスラン,メキタジン
0,内用薬,ゼチーア,エゼチミブ
0,内用薬,ゼフィックス,ラミブジン
0,内用薬,ゼルボラフ,ベムラフェニブ
0,内用薬,ゼルヤンツ,トファシチニブクエン酸塩
0,内用薬,ゼローダ,カペシタビン
0,内用薬,ゼンタコート,ブデソニド
0,内用薬,ソセゴン,塩酸ペンタゾシン
0,内用薬,ソタコール,ソタロール塩酸塩
0,内用薬,ソニアス,ピオグリタゾン塩酸塩・グリメピリド
0,内用薬,ソメリン,ハロキサゾラム
0,内用薬,ソラナックス,アルプラゾラム
0,内用薬,ソランタール,チアラミド塩酸塩
0,内用薬,ソレトン,ザルトプロフェン
0,内用薬,ソーティクツ,デュークラバシチニブ
0,内用薬,ゾキンヴィ,ロナファルニブ
0,内用薬,ゾコーバ,エンシトレルビル フマル酸
0,内用薬,ゾスパタ,ギルテリチニブフマル酸塩
0,内用薬,ゾビラックス,アシクロビル
0,内用薬,ゾフルーザ,バロキサビル マルボキシル
0,内用薬,ゾリンザ,ボリノスタット
0,内用薬,ゾーミッグ,ゾルミトリプタン
0,内用薬,タイケルブ,ラパチニブトシル酸塩水和物
0,内用薬,タガメット,シメチジン
0,内用薬,タグリッソ,オシメルチニブメシル酸塩
0,内用薬,タケキャブ,ボノプラザンフマル酸塩
0,内用薬,タケプロン,ランソプラゾール
0,内用薬,タケルダ,アスピリン・ランソプラゾール
0,内用薬,タシグナ,ニロチニブ塩酸塩水和物
0,内用薬,タズベリク,タゼメトスタット臭化水素酸塩
0,内用薬,タナトリル,イミダプリル塩酸塩
0,内用薬,タナドーパ,ドカルパミン
0,内用薬,タバリス,ホスタマチニブナトリウム水和物
0,内用薬,タフィンラー,ダブラフェニブメシル酸塩
0,内用薬,タブネオス,アバコパン
0,内用薬,タブレクタ,カプマチニブ塩酸塩水和物
0,内用薬,タベジール,クレマスチンフマル酸塩
0,内用薬,タペンタ,タペンタドール塩酸塩
0,内用薬,タミフル,オセルタミビルリン酸塩
0,内用薬,タリオン,ベポタスチンベシル酸塩
0,内用薬,タリビッド,オフロキサシン
0,内用薬,タリージェ,ミロガバリンベシル酸塩
0,内用薬,タルグレチン,ベキサロテン
0,内用薬,タルセバ,エルロチニブ塩酸塩
0,内用薬,タンボコール,フレカイニド酢酸塩
0,内用薬,ターゼナ,タラゾパリブトシル酸塩
0,内用薬,ダイアート,アゾセミド
0,内用薬,ダイドロネル,エチドロン酸二ナトリウム
0,内用薬,ダイピン,N-メチルスコポラミンメチル硫酸塩
0,内用薬,ダフクリア,フィダキソマイシン
0,内用薬,ダラシン,クリンダマイシン塩酸塩
0,内用薬,ダルメート,フルラゼパム塩酸塩
0,内用薬,ダントリウム,ダントロレンナトリウム水和物
0,内用薬,ダーブロック,ダプロデュスタット
0,内用薬,チアトン,チキジウム臭化物
0,内用薬,チガソン,エトレチナート
0,内用薬,チスタニン,L-エチルシステイン塩酸塩
0,内用薬,チノ,ケノデオキシコール酸
0,内用薬,チバセン,ベナゼプリル塩酸塩
0,内用薬,チャンピックス,バレニクリン酒石酸塩
0,内用薬,チラーヂン,レボチロキシンナトリウム水和物
0,内用薬,ツイミーグ,イメグリミン塩酸塩
0,内用薬,ツインライン,経腸成分栄養剤
0,内用薬,ツルバダ,エムトリシタビン・テノホビル ジソプロキシルフマル酸塩
0,内用薬,ツートラム,トラマドール塩酸塩
0,内用薬,ティーエスワン,テガフール・ギメラシル・オテラシルカリウム配合剤
0,内用薬,テオドール,テオフィリン
0,内用薬,テクフィデラ,フマル酸ジメチル
0,内用薬,テシプール,セチプチリンマレイン酸塩
0,内用薬,テトラミド,ミアンセリン塩酸塩
0,内用薬,テナキシル,インダパミド
0,内用薬,テネリア,テネリグリプチン臭化水素酸塩水和物
0,内用薬,テノゼット,テノホビル ジソプロキシルフマル酸塩
0,内用薬,テノーミン,アテノロール
0,内用薬,テビケイ,ドルテグラビルナトリウム
0,内用薬,テプミトコ,テポチニブ塩酸塩水和物
0,内用薬,テモダール,テモゾロミド
0,内用薬,テルネリン,チザニジン塩酸塩
0,内用薬,ディアコミット,スチリペントール
0,内用薬,ディオバン,バルサルタン
0,内用薬,ディナゲスト,ジエノゲスト
0,内用薬,ディレグラ,フェキソフェナジン塩酸塩・塩酸プソイドエフェドリン
0,内用薬,デエビゴ,レンボレキサント
0,内用薬,デザレックス,デスロラタジン
0,内用薬,デシコビ,エムトリシタビン・テノホビル アラフェナミドフマル酸塩
0,内用薬,デジレル,トラゾドン塩酸塩
0,内用薬,デソパン,トリロスタン
0,内用薬,デタントール,ブナゾシン塩酸塩
0,内用薬,デトルシトール,トルテロジン酒石酸塩
0,内用薬,デノタス,沈降炭酸カルシウム・コレカルシフェロール・炭酸マグネシウム
0,内用薬,デパケン,バルプロ酸ナトリウム
0,内用薬,デパス,エチゾラム
0,内用薬,デプロメール,フルボキサミンマレイン酸塩
0,内用薬,デベルザ,トホグリフロジン水和物
0,内用薬,デムサー,メチロシン
0,内用薬,デュオドーパ,レボドパ・カルビドパ水和物
0,内用薬,デルティバ,デラマニド
0,内用薬,トスキサシン,トスフロキサシントシル酸塩水和物
0,内用薬,トビエース,フェソテロジンフマル酸塩
0,内用薬,トピナ,トピラマート
0,内用薬,トピロリック,トピロキソスタット
0,内用薬,トミロン,セフテラム ピボキシル
0,内用薬,トライコア,フェノフィブラート
0,内用薬,トラクリア,ボセンタン水和物
0,内用薬,トラゼンタ,リナグリプチン
0,内用薬,トラディアンス,エンパグリフロジン・リナグリプチン
0,内用薬,トラマール,トラマドール塩酸塩
0,内用薬,トラムセット,トラマドール塩酸塩・アセトアミノフェン
0,内用薬,トランデート,ラベタロール塩酸塩
0,内用薬,トリモール,ピロヘプチン塩酸塩
0,内用薬,トリンテリックス,ボルチオキセチン臭化水素酸塩
0,内用薬,トリーメク,ドルテグラビルナトリウム・アバカビル硫酸塩・ラミブジン
0,内用薬,トルカプ,カピバセルチブ
0,内用薬,トレドミン,ミルナシプラン塩酸塩
0,内用薬,トレリーフ,ゾニサミド
0,内用薬,トロペロン,チミペロン
0,内用薬,ドウベイト,ドルテグラビルナトリウム・ラミブジン
0,内用薬,ドグマチール,スルピリド
0,内用薬,ドパストン,レボドパ
0,内用薬,ドパゾール,レボドパ
0,内用薬,ドプス,ドロキシドパ
0,内用薬,ドプテレット,アバトロンボパグマレイン酸塩
0,内用薬,ドメナン,オザグレル塩酸塩水和物
0,内用薬,ドラール,クアゼパム
0,内用薬,ドルナー,ベラプロストナトリウム
0,内用薬,ナイキサン,ナプロキセン
0,内用薬,ナウゼリン,ドンペリドン
0,内用薬,ナゼア,ラモセトロン塩酸塩
0,内用薬,ナディック,ナドロール
0,内用薬,ナトリックス,インダパミド
0,内用薬,ナボール,ジクロフェナクナトリウム
0,内用薬,ナルサス,ヒドロモルフォン塩酸塩
0,内用薬,ナルラピド,ヒドロモルフォン塩酸塩
0,内用薬,ニシスタゴン,システアミン酒石酸塩
0,内用薬,ニトロール,硝酸イソソルビド
0,内用薬,ニバジール,ニルバジピン
0,内用薬,ニフレック,ナトリウム・カリウム配合剤
0,内用薬,ニポラジン,メキタジン
0,内用薬,ニュベクオ,ダロルタミド
0,内用薬,ニューロタン,ロサルタンカリウム
0,内用薬,ニンラーロ,イキサゾミブクエン酸エステル
0,内用薬,ネイリン,ホスラブコナゾール L-リシンエタノール付加物
0,内用薬,ネオドパストン,レボドパ・カルビドパ水和物
0,内用薬,ネオドパゾール,レボドパ・ベンセラジド塩酸塩
0,内用薬,ネオーラル,シクロスポリン
0,内用薬,ネキシウム,エソメプラゾールマグネシウム水和物
0,内用薬,ネクサバール,ソラフェニブトシル酸塩
0,内用薬,ネシーナ,アログリプチン安息香酸塩
0,内用薬,ノイエル,セトラキサート塩酸塩
0,内用薬,ノイキノン,ユビデカレノン
0,内用薬,ノイロトロピン,ワクシニアウイルス接種家兎炎症皮膚抽出液
0,内用薬,ノウリアスト,イストラデフィリン
0,内用薬,ノクサフィル,ポサコナゾール
0,内用薬,ノベルジン,酢酸亜鉛水和物
0,内用薬,ノリトレン,ノルトリプチリン塩酸塩
0,内用薬,ノルバスク,アムロジピンベシル酸塩
0,内用薬,ノルバデックス,タモキシフェンクエン酸塩
0,内用薬,ノービア,リトナビル
0,内用薬,ハイドレア,ヒドロキシカルバミド
0,内用薬,ハイパジール,ニプラジロール
0,内用薬,ハイペン,エトドラク
0,内用薬,ハイヤスタ,ツシジノスタット
0,内用薬,ハルシオン,トリアゾラム
0,内用薬,ハルナール,タムスロシン塩酸塩
0,内用薬,ハーボニー,レジパスビル アセトン付加物・ソホスブビル
0,内用薬,バイアグラ,シルデナフィルクエン酸塩
0,内用薬,バイカロン,メフルシド
0,内用薬,バイロテンシン,ニトレンジピン
0,内用薬,バキソ,ピロキシカム
0,内用薬,バクシダール,ノルフロキサシン
0,内用薬,バクタ,スルファメトキサゾール・トリメトプリム
0,内用薬,バクトラミン,スルファメトキサゾール・トリメトプリム
0,内用薬,バスタレル,トリメタジジン塩酸塩
0,内用薬,バソメット,テラゾシン塩酸塩水和物
0,内用薬,バップフォー,プロピベリン塩酸塩
0,内用薬,バナン,セフポドキシム プロキセチル
0,内用薬,バフセオ,バダデュスタット
0,内用薬,バラクルード,エンテカビル水和物
0,内用薬,バリキサ,バルガンシクロビル塩酸塩
0,内用薬,バルトレックス,バラシクロビル塩酸塩
0,内用薬,バルネチール,スルトプリド塩酸塩
0,内用薬,バレオン,塩酸ロメフロキサシン
0,内用薬,パキシル,パロキセチン塩酸塩水和物
0,内用薬,パキロビッド,ニルマトレルビル・リトナビル
0,内用薬,パシーフ,モルヒネ塩酸塩水和物
0,内用薬,パナルジン,チクロピジン塩酸塩
0,内用薬,パリエット,ラベプラゾールナトリウム
0,内用薬,パルモディア,ペマフィブラート
0,内用薬,パーロデル,ブロモクリプチンメシル酸塩
0,内用薬,ヒスロン,メドロキシプロゲステロン酢酸エステル
0,内用薬,ヒポカ,バルニジピン塩酸塩
0,内用薬,ビオプテン,サプロプテリン塩酸塩
0,内用薬,ビクタルビ,ビクテグラビルナトリウム・エムトリシタビン・テノホビル アラフェナミドフマル酸塩
0,内用薬,ビジクリア,リン酸二水素ナトリウム一水和物・無水リン酸水素二ナトリウム
0,内用薬,ビジンプロ,ダコミチニブ水和物
0,内用薬,ビバンセ,リスデキサンフェタミンメシル酸塩
0,内用薬,ビビアント,バゼドキシフェン酢酸塩
0,内用薬,ビブラマイシン,ドキシサイクリン塩酸塩水和物
0,内用薬,ビプレッソ,クエチアピンフマル酸塩
0,内用薬,ビムパット,ラコサミド
0,内用薬,ビラノア,ビラスチン
0,内用薬,ビラフトビ,エンコラフェニブ
0,内用薬,ビラミューン,ネビラピン
0,内用薬,ビリアード,テノホビル ジソプロキシルフマル酸塩
0,内用薬,ビルトリシド,プラジカンテル
0,内用薬,ビンダケル,タファミジスメグルミン
0,内用薬,ビンマック,タファミジス
0,内用薬,ビ・シフロール,プラミペキソール塩酸塩水和物
0,内用薬,ピコプレップ,ピコスルファートナトリウム水和物・酸化マグネシウム・無水クエン酸
0,内用薬,ピフェルトロ,ドラビリン
0,内用薬,ピメノール,ピルメノール塩酸塩水和物
0,内用薬,ピレスパ,ピルフェニドン
0,内用薬,ピロニック,尿素（13C）
0,内用薬,ピートル,スクロオキシ水酸化鉄
0,内用薬,ファスティック,ナテグリニド
0,内用薬,ファムビル,ファムシクロビル
0,内用薬,ファロム,ファロペネムナトリウム水和物
0,内用薬,ファンギゾン,アムホテリシンB
0,内用薬,フィコンパ,ペランパネル水和物
0,内用薬,フィンテプラ,フェンフルラミン塩酸塩
0,内用薬,フェアストン,トレミフェンクエン酸塩
0,内用薬,フェブリク,フェブキソスタット
0,内用薬,フェマーラ,レトロゾール
0,内用薬,フェリセルツ,クエン酸鉄アンモニウム
0,内用薬,フェルム,フマル酸第一鉄
0,内用薬,フェロミア,クエン酸第一鉄ナトリウム
0,内用薬,フォサマック,アレンドロン酸ナトリウム水和物
0,内用薬,フォシーガ,ダパグリフロジンプロピレングリコール水和物
0,内用薬,フォスブロック,セベラマー塩酸塩
0,内用薬,フォゼベル,テナパノル塩酸塩
0,内用薬,フオイパン,カモスタットメシル酸塩
0,内用薬,フランドル,硝酸イソソルビド
0,内用薬,フリバス,ナフトピジル
0,内用薬,フルスタン,ファレカルシトリオール
0,内用薬,フルダラ,フルダラビンリン酸エステル
0,内用薬,フルツロン,ドキシフルリジン
0,内用薬,フロベン,フルルビプロフェン
0,内用薬,フロモックス,セフカペン ピボキシル塩酸塩水和物
0,内用薬,フロリネフ,フルドロコルチゾン酢酸エステル
0,内用薬,フロリード,ミコナゾール
0,内用薬,ブイフェンド,ボリコナゾール
0,内用薬,ブフェニール,フェニル酪酸ナトリウム
0,内用薬,ブラダロン,フラボキサート塩酸塩
0,内用薬,ブリカニール,テルブタリン硫酸塩
0,内用薬,ブリリンタ,チカグレロル
0,内用薬,ブルフェン,イブプロフェン
0,内用薬,ブレディニン,ミゾリビン
0,内用薬,ブレーザベス,ミグルスタット
0,内用薬,ブロニカ,セラトロダスト
0,内用薬,ブロプレス,カンデサルタンシレキセチル
0,内用薬,プラケニル,ヒドロキシクロロキン硫酸塩
0,内用薬,プラザキサ,ダビガトランエテキシラートメタンスルホン酸塩
0,内用薬,プラノバール,ノルゲストレル・エチニルエストラジオール
0,内用薬,プラビックス,クロピドグレル硫酸塩
0,内用薬,プリジスタ,ダルナビル エタノール付加物
0,内用薬,プレジコビックス,ダルナビル エタノール付加物・コビシスタット
0,内用薬,プレタール,シロスタゾール
0,内用薬,プレバイミス,レテルモビル
0,内用薬,プレミネント,ロサルタンカリウム・ヒドロクロロチアジド
0,内用薬,プログラフ,タクロリムス水和物
0,内用薬,プロサイリン,ベラプロストナトリウム
0,内用薬,プロスタール,クロルマジノン酢酸エステル
0,内用薬,プロチアデン,ドスレピン塩酸塩
0,内用薬,プロテカジン,ラフチジン
0,内用薬,プロノン,プロパフェノン塩酸塩
0,内用薬,プロマック,ポラプレジンク
0,内用薬,プロ・バンサイン,プロパンテリン臭化物
0,内用薬,ヘパンED,肝不全用成分栄養剤
0,内用薬,ヘマンジオル,プロプラノロール塩酸塩
0,内用薬,ヘモクロン,トリベノシド
0,内用薬,ヘルベッサー,ジルチアゼム塩酸塩
0,内用薬,ベイスン,ボグリボース
0,内用薬,ベオーバ,ビベグロン
0,内用薬,ベサノイド,トレチノイン
0,内用薬,ベザトール,ベザフィブラート
0,内用薬,ベシケア,コハク酸ソリフェナシン
0,内用薬,ベスタチン,ウベニメクス
0,内用薬,ベタニス,ミラベグロン
0,内用薬,ベネクレクスタ,ベネトクラクス
0,内用薬,ベネット,リセドロン酸ナトリウム水和物
0,内用薬,ベネトリン,サルブタモール硫酸塩
0,内用薬,ベプシド,エトポシド
0,内用薬,ベプリコール,ベプリジル塩酸塩水和物
0,内用薬,ベムリディ,テノホビル アラフェナミドフマル酸塩
0,内用薬,ベラサス,ベラプロストナトリウム
0,内用薬,ベラチン,ツロブテロール塩酸塩
0,内用薬,ベリキューボ,ベルイシグアト
0,内用薬,ベルソムラ,スボレキサント
0,内用薬,ベレキシブル,チラブルチニブ塩酸塩
0,内用薬,ベージニオ,アベマシクリブ
0,内用薬,ペオン,ザルトプロフェン
0,内用薬,ペマジール,ペミガチニブ
0,内用薬,ペミラストン,ペミロラストカリウム
0,内用薬,ペラゾリン,ソブゾキサン
0,内用薬,ペルサンチン,ジピリダモール
0,内用薬,ペルジピン,ニカルジピン塩酸塩
0,内用薬,ペルマックス,ペルゴリドメシル酸塩
0,内用薬,ペングッド,バカンピシリン塩酸塩
0,内用薬,ペンタサ,メサラジン
0,内用薬,ホクナリン,ツロブテロール塩酸塩
0,内用薬,ホスミシン,ホスホマイシンカルシウム水和物
0,内用薬,ホスリボン,リン酸二水素ナトリウム一水和物・無水リン酸水素二ナトリウム
0,内用薬,ホスレノール,炭酸ランタン水和物
0,内用薬,ホーネル,ファレカルシトリオール
0,内用薬,ホーリット,オキシペルチン
0,内用薬,ボイデヤ,ダニコパン
0,内用薬,ボカブリア,カボテグラビルナトリウム
0,内用薬,ボシュリフ,ボスチニブ水和物
0,内用薬,ボナロン,アレンドロン酸ナトリウム水和物
0,内用薬,ボノサップ,ボノプラザンフマル酸塩・アモキシシリン水和物・クラリスロマイシン
0,内用薬,ボノテオ,ミノドロン酸水和物
0,内用薬,ボノピオン,ボノプラザンフマル酸塩・アモキシシリン水和物・メトロニダゾール
0,内用薬,ボルタレン,ジクロフェナクナトリウム
0,内用薬,ボンゾール,ダナゾール
0,内用薬,ボンビバ,イバンドロン酸ナトリウム水和物
0,内用薬,ボースデル,塩化マンガン四水和物
0,内用薬,ポマリスト,ポマリドミド
0,内用薬,ポラキス,オキシブチニン塩酸塩
0,内用薬,ポリフル,ポリカルボフィルカルシウム
0,内用薬,ポルトラック,ラクチトール水和物
0,内用薬,ポンタール,メフェナム酸
0,内用薬,マイスタン,クロバザム
0,内用薬,マイスリー,ゾルピデム酒石酸塩
0,内用薬,マクサルト,リザトリプタン安息香酸塩
0,内用薬,マスーレッド,モリデュスタットナトリウム
0,内用薬,マドパー,レボドパ・ベンセラジド塩酸塩
0,内用薬,マラロン,アトバコン・プログアニル塩酸塩
0,内用薬,マリゼブ,オマリグリプチン
0,内用薬,マヴィレット,グレカプレビル水和物・ピブレンタスビル
0,内用薬,ミオカーム,ピラセタム
0,内用薬,ミオナール,エペリゾン塩酸塩
0,内用薬,ミカトリオ,テルミサルタン・アムロジピンベシル酸塩・ヒドロクロロチアジド
0,内用薬,ミカムロ,テルミサルタン・アムロジピンベシル酸塩
0,内用薬,ミカルディス,テルミサルタン
0,内用薬,ミグシス,ロメリジン塩酸塩
0,内用薬,ミグリステン,ジメトチアジンメシル酸塩
0,内用薬,ミケラン,カルテオロール塩酸塩
0,内用薬,ミコブティン,リファブチン
0,内用薬,ミコンビ,テルミサルタン・ヒドロクロロチアジド
0,内用薬,ミティキュア,ダニアレルゲンエキス
0,内用薬,ミニプレス,プラゾシン塩酸塩
0,内用薬,ミニリンメルト,デスモプレシン酢酸塩水和物
0,内用薬,ミネブロ,エサキセレノン
0,内用薬,ミノマイシン,ミノサイクリン塩酸塩
0,内用薬,ミラペックス,プラミペキソール塩酸塩水和物
0,内用薬,ミリダシン,プログルメタシンマレイン酸塩
0,内用薬,ミルラクト,β-ガラクトシダーゼ（ペニシリウム）
0,内用薬,ミンクリア,l-メントール
0,内用薬,ムコスタ,レバミピド
0,内用薬,ムコソルバン,アンブロキソール塩酸塩
0,内用薬,ムコダイン,L-カルボシステイン
0,内用薬,ムルプレタ,ルストロンボパグ
0,内用薬,ムンデシン,フォロデシン塩酸塩
0,内用薬,メイアクト,セフジトレン ピボキシル
0,内用薬,メイラックス,ロフラゼプ酸エチル
0,内用薬,メインテート,ビソプロロールフマル酸塩
0,内用薬,メキシチール,メキシレチン塩酸塩
0,内用薬,メキニスト,トラメチニブ ジメチルスルホキシド付加物
0,内用薬,メクトビ,ビニメチニブ
0,内用薬,メサペイン,メサドン塩酸塩
0,内用薬,メスチノン,ピリドスチグミン臭化物
0,内用薬,メタクト,ピオグリタゾン塩酸塩・メトホルミン塩酸塩
0,内用薬,メタライト,トリエンチン塩酸塩
0,内用薬,メタルカプターゼ,ペニシラミン
0,内用薬,メテバニール,オキシメテバノール
0,内用薬,メトアナ,アナグリプチン・メトホルミン塩酸塩
0,内用薬,メトグルコ,メトホルミン塩酸塩
0,内用薬,メトリジン,ミドドリン塩酸塩
0,内用薬,メネシット,レボドパ・カルビドパ水和物
0,内用薬,メバロチン,プラバスタチンナトリウム
0,内用薬,メプチン,プロカテロール塩酸塩水和物
0,内用薬,メマリー,メマンチン塩酸塩
0,内用薬,メラトベル,メラトニン
0,内用薬,メリスロン,ベタヒスチンメシル酸塩
0,内用薬,メレックス,メキサゾラム
0,内用薬,メンドン,クロラゼプ酸二カリウム
0,内用薬,メーゼント,シポニモド フマル酸
0,内用薬,モディオダール,モダフィニル
0,内用薬,モニラック,ラクツロース
0,内用薬,モビコール,マクロゴール4000・塩化ナトリウム・炭酸水素ナトリウム・塩化カリウム
0,内用薬,モビプレップ,ナトリウム・カリウム・アスコルビン酸配合剤
0,内用薬,モーバー,アクタリット
0,内用薬,モービック,メロキシカム
0,内用薬,ヤーズ,ドロスピレノン・エチニルエストラジオール ベータデクス
0,内用薬,ユナシン,スルタミシリントシル酸塩水和物
0,内用薬,ユニコン,テオフィリン
0,内用薬,ユニシア,カンデサルタンシレキセチル・アムロジピンベシル酸塩
0,内用薬,ユニフィル,テオフィリン
0,内用薬,ユリス,ドチヌラド
0,内用薬,ユリノーム,ベンズブロマロン
0,内用薬,ユリーフ,シロドシン
0,内用薬,ユーエフティ,テガフール・ウラシル
0,内用薬,ユーゼル,ホリナートカルシウム
0,内用薬,ユービット,尿素（13C）
0,内用薬,ユーロジン,エスタゾラム
0,内用薬,ラキソベロン,ピコスルファートナトリウム水和物
0,内用薬,ラゲブリオ,モルヌピラビル
0,内用薬,ラコール,経腸成分栄養剤
0,内用薬,ラジカット,エダラボン
0,内用薬,ラジレス,アリスキレンフマル酸塩
0,内用薬,ラステット,エトポシド
0,内用薬,ラスビック,ラスクフロキサシン塩酸塩
0,内用薬,ラツーダ,ルラシドン塩酸塩
0,内用薬,ラニラピッド,メチルジゴキシン
0,内用薬,ラパリムス,シロリムス
0,内用薬,ラベキュア,ラベプラゾールナトリウム・アモキシシリン水和物・クラリスロマイシン
0,内用薬,ラベファイン,ラベプラゾールナトリウム・アモキシシリン水和物・メトロニダゾール
0,内用薬,ラミクタール,ラモトリギン
0,内用薬,ラミシール,テルビナフィン塩酸塩
0,内用薬,ランツジール,アセメタシン
0,内用薬,ランデル,エホニジピン塩酸塩エタノール付加物
0,内用薬,ランドセン,クロナゼパム
0,内用薬,ランプレン,クロファジミン
0,内用薬,リアメット,アルテメテル・ルメファントリン
0,内用薬,リアルダ,メサラジン
0,内用薬,リウマトレックス,メトトレキサート
0,内用薬,リオナ,クエン酸第二鉄水和物
0,内用薬,リオベル,アログリプチン安息香酸塩・ピオグリタゾン塩酸塩
0,内用薬,リカルボン,ミノドロン酸水和物
0,内用薬,リクシアナ,エドキサバントシル酸塩水和物
0,内用薬,リザベン,トラニラスト
0,内用薬,リスパダール,リスペリドン
0,内用薬,リスミー,リルマザホン塩酸塩水和物
0,内用薬,リスモダン,ジソピラミド
0,内用薬,リズミック,アメジニウムメチル硫酸塩
0,内用薬,リットフーロ,リトレシチニブトシル酸塩
0,内用薬,リトゴビ,フチバチニブ
0,内用薬,リバゼブ,ピタバスタチンカルシウム水和物・エゼチミブ
0,内用薬,リバロ,ピタバスタチンカルシウム
0,内用薬,リパクレオン,パンクレリパーゼ
0,内用薬,リピディル,フェノフィブラート
0,内用薬,リピトール,アトルバスタチンカルシウム水和物
0,内用薬,リファジン,リファンピシン
0,内用薬,リフキシマ,リファキシミン
0,内用薬,リフヌア,ゲーファピキサントクエン酸塩
0,内用薬,リフレックス,ミルタザピン
0,内用薬,リベルサス,セマグルチド
0,内用薬,リボトリール,クロナゼパム
0,内用薬,リポバス,シンバスタチン
0,内用薬,リマチル,ブシラミン
0,内用薬,リムパーザ,オラパリブ
0,内用薬,リリカ,プレガバリン
0,内用薬,リルテック,リルゾール
0,内用薬,リンゼス,リナクロチド
0,内用薬,リンラキサー,クロルフェネシンカルバミン酸エステル
0,内用薬,リンヴォック,ウパダシチニブ水和物
0,内用薬,リーゼ,クロチアゼパム
0,内用薬,リーバクト,イソロイシン・ロイシン・バリン
0,内用薬,リーマス,炭酸リチウム
0,内用薬,ルジオミール,マプロチリン塩酸塩
0,内用薬,ルセフィ,ルセオグリフロジン水和物
0,内用薬,ルナベル,ノルエチステロン・エチニルエストラジオール
0,内用薬,ルネスタ,エスゾピクロン
0,内用薬,ルパフィン,ルパタジンフマル酸塩
0,内用薬,ルプラック,トラセミド
0,内用薬,ルボックス,フルボキサミンマレイン酸塩
0,内用薬,ルマケラス,ソトラシブ
0,内用薬,ルリッド,ロキシスロマイシン
0,内用薬,ルーラン,ペロスピロン塩酸塩水和物
0,内用薬,レイボー,ラスミジタンコハク酸塩
0,内用薬,レキサルティ,ブレクスピプラゾール
0,内用薬,レキソタン,ブロマゼパム
0,内用薬,レキップ,ロピニロール塩酸塩
0,内用薬,レクサプロ,エスシタロプラムシュウ酸塩
0,内用薬,レクチゾール,ジアフェニルスルホン
0,内用薬,レグテクト,アカンプロサートカルシウム
0,内用薬,レグナイト,ガバペンチン エナカルビル
0,内用薬,レグパラ,シナカルセト塩酸塩
0,内用薬,レザルタス,オルメサルタンメドキソミル・アゼルニジピン
0,内用薬,レスプレン,エプラジノン塩酸塩
0,内用薬,レスミット,メダゼパム
0,内用薬,レスリン,トラゾドン塩酸塩
0,内用薬,レズロック,ベルモスジルメシル酸塩
0,内用薬,レットヴィモ,セルペルカチニブ
0,内用薬,レトロビル,ジドブジン
0,内用薬,レナジェル,セベラマー塩酸塩
0,内用薬,レナデックス,デキサメタゾン
0,内用薬,レニベース,エナラプリルマレイン酸塩
0,内用薬,レバチオ,シルデナフィルクエン酸塩
0,内用薬,レブラミド,レナリドミド水和物
0,内用薬,レベトール,リバビリン
0,内用薬,レボレード,エルトロンボパグ オラミン
0,内用薬,レミカット,エメダスチンフマル酸塩
0,内用薬,レミッチ,ナルフラフィン塩酸塩
0,内用薬,レミニール,ガランタミン臭化水素酸塩
0,内用薬,レメロン,ミルタザピン
0,内用薬,レリフェン,ナブメトン
0,内用薬,レルパックス,エレトリプタン臭化水素酸塩
0,内用薬,レルミナ,レルゴリクス
0,内用薬,レンドルミン,ブロチゾラム
0,内用薬,レンビマ,レンバチニブメシル酸塩
0,内用薬,ロイコボリン,ホリナートカルシウム
0,内用薬,ロカルトロール,カルシトリオール
0,内用薬,ロキソニン,ロキソプロフェンナトリウム水和物
0,内用薬,ロケルマ,ジルコニウムシクロケイ酸ナトリウム水和物
0,内用薬,ロコルナール,トラピジル
0,内用薬,ロスーゼット,エゼチミブ・ロスバスタチンカルシウム
0,内用薬,ロズリートレク,エヌトレクチニブ
0,内用薬,ロゼレム,ラメルテオン
0,内用薬,ロトリガ,オメガ-3脂肪酸エチル
0,内用薬,ロドピン,ゾテピン
0,内用薬,ロナセン,ブロナンセリン
0,内用薬,ロプレソール,メトプロロール酒石酸塩
0,内用薬,ロペミン,ロペラミド塩酸塩
0,内用薬,ロラメット,ロルメタゼパム
0,内用薬,ロルカム,ロルノキシカム
0,内用薬,ロレルコ,プロブコール
0,内用薬,ロンゲス,リシノプリル水和物
0,内用薬,ロンサーフ,トリフルリジン・チピラシル塩酸塩
0,内用薬,ローガン,アモスラロール塩酸塩
0,内用薬,ローコール,フルバスタチンナトリウム
0,内用薬,ローブレナ,ロルラチニブ
0,内用薬,ワイテンス,グアナベンズ酢酸塩
0,内用薬,ワイパックス,ロラゼパム
0,内用薬,ワンアルファ,アルファカルシドール
0,内用薬,ワントラム,トラマドール塩酸塩
0,内用薬,ヴァイトラックビ,ラロトレクチニブ硫酸塩
0,内用薬,ヴァンフリタ,キザルチニブ塩酸塩
0,内用薬,ヴォトリエント,パゾパニブ塩酸塩
0,内用薬,ヴォリブリス,アンブリセンタン
1,注射薬,Dドライ,人工透析液
1,注射薬,EOB・プリモビスト,ガドキセト酸ナトリウム
1,注射薬,アイエーコール,シスプラチン
1,注射薬,アイソボリン,レボホリナートカルシウム
1,注射薬,アイモビーグ,エレヌマブ
1,注射薬,アイリーア,アフリベルセプト
1,注射薬,アウドラザイム,ラロニダーゼ
1,注射薬,アキャルックス,セツキシマブ サロタロカンナトリウム
1,注射薬,アキュミン,フルシクロビン（18F）
1,注射薬,アクチット,酢酸維持液
1,注射薬,アクチバシン,アルテプラーゼ
1,注射薬,アクテムラ,トシリズマブ
1,注射薬,アクトシン,ブクラデシンナトリウム
1,注射薬,アクトヒブ,乾燥ヘモフィルスb型ワクチン（破傷風トキソイド結合体）
1,注射薬,アクプラ,ネダプラチン
1,注射薬,アクラシノン,アクラルビシン塩酸塩
1,注射薬,アコアラン,アンチトロンビン ガンマ
1,注射薬,アザクタム,アズトレオナム
1,注射薬,アシアロシンチ,ガラクトシル人血清アルブミンジエチレントリアミン五酢酸テクネチウム（99mTc）
1,注射薬,アジョビ,フレマネズマブ
1,注射薬,アジンマ,アパダムターゼ アルファ・シナキサダムターゼ アルファ
1,注射薬,アセリオ,アセトアミノフェン
1,注射薬,アセレンド,亜セレン酸ナトリウム
1,注射薬,アディノベイト,ルリオクトコグ アルファ ペゴル
1,注射薬,アデノスキャン,アデノシン
1,注射薬,アデール,コルホルシンダロパート塩酸塩
1,注射薬,アトガム,抗ヒト胸腺細胞ウマ免疫グロブリン
1,注射薬,アトワゴリバース,ネオスチグミンメチル硫酸塩・アトロピン硫酸塩水和物
1,注射薬,アドステロール,ヨウ化メチルノルコレステノール（131I）
1,注射薬,アドセトリス,ブレンツキシマブ ベドチン
1,注射薬,アドトラーザ,トラロキヌマブ
1,注射薬,アドベイト,ルリオクトコグアルファ
1,注射薬,アドリアシン,ドキソルビシン塩酸塩
1,注射薬,アナクト,乾燥濃縮人活性化プロテインC
1,注射薬,アナフラニール,クロミプラミン塩酸塩
1,注射薬,アナペイン,ロピバカイン塩酸塩水和物
1,注射薬,アネキセート,フルマゼニル
1,注射薬,アネメトロ,メトロニダゾール
1,注射薬,アネレム,レミマゾラムベシル酸塩
1,注射薬,アバスチン,ベバシズマブ
1,注射薬,アピドラ,インスリングルリジン
1,注射薬,アブラキサン,パクリタキセル
1,注射薬,アプニション,アミノフィリン水和物
1,注射薬,アベクマ,イデカブタゲン ビクルユーセル
1,注射薬,アボネックス,インターフェロンベータ-1a
1,注射薬,アポカイン,アポモルヒネ塩酸塩水和物
1,注射薬,アミゼット,高カロリー輸液用総合アミノ酸製剤
1,注射薬,アミニック,高カロリー輸液用総合アミノ酸製剤
1,注射薬,アミノレバン,肝不全用アミノ酸製剤
1,注射薬,アミパレン,高カロリー輸液用総合アミノ酸製剤
1,注射薬,アミヴィッド,フロルベタピル（18F）
1,注射薬,アムビゾーム,アムホテリシンB
1,注射薬,アムヴトラ,ブトリシランナトリウム
1,注射薬,アラセナ,ビダラビン
1,注射薬,アラノンジー,ネララビン
1,注射薬,アリクストラ,フォンダパリヌクスナトリウム
1,注射薬,アリムタ,ペメトレキセドナトリウム水和物
1,注射薬,アルギ,L-アルギニン塩酸塩
1,注射薬,アルケラン,メルファラン
1,注射薬,アルタット,ロキサチジン酢酸エステル塩酸塩
1,注射薬,アルチバ,レミフェンタニル塩酸塩
1,注射薬,アルツ,精製ヒアルロン酸ナトリウム
1,注射薬,アレビアチン,フェニトインナトリウム
1,注射薬,アレモ,コンシズマブ
1,注射薬,アロカリス,ホスネツピタント塩化物塩酸塩
1,注射薬,アロキシ,パロノセトロン塩酸塩
1,注射薬,アロフィセル,ダルバドストロセル
1,注射薬,アンカロン,アミオダロン塩酸塩
1,注射薬,アンサー,結核菌熱水抽出物
1,注射薬,アーウィナーゼ,クリサンタスパーゼ
1,注射薬,アートセレブ,ブドウ糖・無機塩類配合剤
1,注射薬,アービタックス,セツキシマブ
1,注射薬,イエスカルタ,アキシカブタゲン シロルユーセル
1,注射薬,イオパミロン,イオパミドール
1,注射薬,イオメロン,イオメプロール
1,注射薬,イジュド,トレメリムマブ
1,注射薬,イストダックス,ロミデプシン
1,注射薬,イスパロクト,ツロクトコグ アルファ ペゴル
1,注射薬,イズカーゴ,パビナフスプ アルファ
1,注射薬,イソビスト,イオトロラン
1,注射薬,イダマイシン,イダルビシン塩酸塩
1,注射薬,イデルビオン,アルブトレペノナコグ アルファ
1,注射薬,イヌリード,イヌリン
1,注射薬,イノバン,ドパミン塩酸塩
1,注射薬,イノレット,インスリン ヒト
1,注射薬,イブグリース,レブリキズマブ
1,注射薬,イブリーフ,イブプロフェン L-リシン
1,注射薬,イベニティ,ロモソズマブ
1,注射薬,イホマイド,イホスファミド
1,注射薬,イミグラン,スマトリプタンコハク酸塩
1,注射薬,イミフィンジ,デュルバルマブ
1,注射薬,イムネース,テセロイキン
1,注射薬,イムノマックス,インターフェロンガンマ-1a
1,注射薬,イラリス,カナキヌマブ
1,注射薬,イルミア,チルドラキズマブ
1,注射薬,イロクテイト,エフラロクトコグ アルファ
1,注射薬,インダシン,インドメタシンナトリウム水和物
1,注射薬,イーケプラ,レベチラセタム
1,注射薬,ウィフガート,エフガルチギモド アルファ
1,注射薬,ウゴービ,セマグルチド
1,注射薬,ウテメリン,リトドリン塩酸塩
1,注射薬,ウパシタ,ウパシカルセトナトリウム水和物
1,注射薬,ウルトラテクネカウ,過テクネチウム酸ナトリウム（99mTc）
1,注射薬,ウロナーゼ,ウロキナーゼ
1,注射薬,ウロミテキサン,メスナ
1,注射薬,エイフスチラ,ロノクトコグ アルファ
1,注射薬,エクサシン,イセパマイシン硫酸塩
1,注射薬,エクストラニール,腹膜透析液
1,注射薬,エジャイモ,スチムリマブ
1,注射薬,エスポー,エポエチンアルファ
1,注射薬,エスラックス,ロクロニウム臭化物
1,注射薬,エトキシスクレロール,ポリドカノール
1,注射薬,エヌジェンラ,ソムアトロゴン
1,注射薬,エネフリード,アミノ酸・糖・電解質・脂肪・ビタミン
1,注射薬,エビリファイ,アリピプラゾール水和物
1,注射薬,エピペン,アドレナリン
1,注射薬,エフオーワイ,ガベキサートメシル酸塩
1,注射薬,エプキンリ,エプコリタマブ
1,注射薬,エボルトラ,クロファラビン
1,注射薬,エポジン,エポエチンベータ
1,注射薬,エムガルティ,ガルカネズマブ
1,注射薬,エムパベリ,ペグセタコプラン
1,注射薬,エムプリシティ,エロツズマブ
1,注射薬,エラスポール,シベレスタットナトリウム水和物
1,注射薬,エラプレース,イデュルスルファーゼ
1,注射薬,エリル,ファスジル塩酸塩水和物
1,注射薬,エルカルチン,レボカルニチン
1,注射薬,エルシトニン,エルカトニン
1,注射薬,エルネオパ,アミノ酸・糖・電解質・ビタミン
1,注射薬,エルプラット,オキサリプラチン
1,注射薬,エルレフィオ,エルラナタマブ
1,注射薬,エレメンミック,塩化マンガン・硫酸亜鉛水和物配合剤
1,注射薬,エンスプリング,サトラリズマブ
1,注射薬,エンタイビオ,ベドリズマブ
1,注射薬,エンハーツ,トラスツズマブ デルクステカン
1,注射薬,エンブレル,エタネルセプト
1,注射薬,エヴキーザ,エビナクマブ
1,注射薬,オキサロール,マキサカルシトール
1,注射薬,オキファスト,オキシコドン塩酸塩水和物
1,注射薬,オクトレオスキャン,ペンテトレオチド・塩化インジウム（111In）
1,注射薬,オスタバロ,アバロパラチド酢酸塩
1,注射薬,オゼンピック,セマグルチド
1,注射薬,オニバイド,イリノテカン塩酸塩水和物
1,注射薬,オノアクト,ランジオロール塩酸塩
1,注射薬,オビザー,スソクトコグ アルファ
1,注射薬,オビドレル,コリオゴナドトロピン アルファ
1,注射薬,オフサグリーン,インドシアニングリーン
1,注射薬,オプジーボ,ニボルマブ
1,注射薬,オプチレイ,イオベルソール
1,注射薬,オムニパーク,イオヘキソール
1,注射薬,オメガシン,ビアペネム
1,注射薬,オルガラン,ダナパロイドナトリウム
1,注射薬,オルダミン,モノエタノールアミンオレイン酸塩
1,注射薬,オルツビーオ,エフアネソクトコグ アルファ
1,注射薬,オルドレブ,コリスチンメタンスルホン酸ナトリウム
1,注射薬,オルプロリクス,エフトレノナコグ アルファ
1,注射薬,オレンシア,アバタセプト
1,注射薬,オンキャスパー,ペグアスパルガーゼ
1,注射薬,オンコビン,ビンクリスチン硫酸塩
1,注射薬,オンデキサ,アンデキサネット アルファ
1,注射薬,オンパットロ,パチシランナトリウム
1,注射薬,オンボー,ミリキズマブ
1,注射薬,オーツカ,高カロリー輸液用総合ビタミン剤
1,注射薬,カイトリル,グラニセトロン塩酸塩
1,注射薬,カイプロリス,カルフィルゾミブ
1,注射薬,カタクロット,オザグレルナトリウム
1,注射薬,カドサイラ,トラスツズマブ エムタンシン
1,注射薬,カヌマ,セベリパーゼ アルファ
1,注射薬,カピステン,ケトプロフェン
1,注射薬,カブリビ,カプラシズマブ
1,注射薬,カルセド,アムルビシン塩酸塩
1,注射薬,カルディオダイン,ヨードフェニルメチルペンタデカン酸（123I）
1,注射薬,カルベニン,パニペネム・ベタミプロン
1,注射薬,カンサイダス,カスポファンギン酢酸塩
1,注射薬,カンプト,イリノテカン塩酸塩水和物
1,注射薬,カーディオライト,テトラキスメトキシイソブチルイソニトリル銅（I）四フッ化ホウ酸
1,注射薬,カーディオライト注射液,ヘキサキスメトキシイソブチルイソニトリルテクネチウム（99mTc）
1,注射薬,カーボスター,人工透析液
1,注射薬,ガザイバ,オビヌツズマブ
1,注射薬,ガスター,ファモチジン
1,注射薬,ガドビスト,ガドブトロール
1,注射薬,ガニレスト,ガニレリクス酢酸塩
1,注射薬,キイトルーダ,ペムブロリズマブ
1,注射薬,キドニーシンチ,ジメルカプトコハク酸テクネチウム（99mTc）
1,注射薬,キドミン,腎不全用アミノ酸製剤
1,注射薬,キムリア,チサゲンレクルユーセル
1,注射薬,キュビシン,ダプトマイシン
1,注射薬,キュービトル,pH4処理酸性人免疫グロブリン（皮下注射）
1,注射薬,キロサイド,シタラビン
1,注射薬,キンダリー,人工透析液
1,注射薬,ギブラーリ,ギボシランナトリウム
1,注射薬,ギャバロン,バクロフェン
1,注射薬,クラビット,レボフロキサシン水和物
1,注射薬,クラフォラン,セフォタキシムナトリウム
1,注射薬,クリアクター,モンテプラーゼ
1,注射薬,クリアボーン,ヒドロキシメチレンジホスホン酸テクネチウム（99mTc）
1,注射薬,クリニザルツ,維持液（キシリトール加）
1,注射薬,クリースビータ,ブロスマブ
1,注射薬,クレキサン,エノキサパリンナトリウム
1,注射薬,クレセンバ,イサブコナゾニウム硫酸塩
1,注射薬,グラン,フィルグラスチム
1,注射薬,グリセオール,濃グリセリン・果糖
1,注射薬,グルトパ,アルテプラーゼ
1,注射薬,グロウジェクト,ソマトロピン
1,注射薬,ケイセントラ,乾燥濃縮人プロトロンビン複合体
1,注射薬,ケイツー,メナテトレノン
1,注射薬,ケシンプタ,オファツムマブ
1,注射薬,ケタラール,ケタミン塩酸塩
1,注射薬,ケブザラ,サリルマブ
1,注射薬,ゲンタシン,ゲンタマイシン硫酸塩
1,注射薬,コアテック,オルプリノン塩酸塩水和物
1,注射薬,コアベータ,ランジオロール塩酸塩
1,注射薬,コスメゲン,アクチノマイシンD
1,注射薬,コセンティクス,セクキヌマブ
1,注射薬,コバールトリイ,オクトコグ ベータ
1,注射薬,コパキソン,グラチラマー酢酸塩
1,注射薬,コラテジェン,ベペルミノゲン ペルプラスミド
1,注射薬,コルスバ,ジフェリケファリン酢酸塩
1,注射薬,コートロシンZ筋注,酢酸テトラコサクチド亜鉛
1,注射薬,コートロシン注射用,テトラコサクチド酢酸塩
1,注射薬,ゴナックス,デガレリクス酢酸塩
1,注射薬,ゴナールエフ,ホリトロピンアルファ
1,注射薬,サイビスク,ヒアルロン酸ナトリウム架橋処理ポリマー・ヒアルロン酸ナトリウム架橋処理ポリマービニルスルホン架橋体
1,注射薬,サイメリン,ラニムスチン
1,注射薬,サイモグロブリン,抗ヒト胸腺細胞ウサギ免疫グロブリン
1,注射薬,サイラムザ,ラムシルマブ
1,注射薬,サイレース,フルニトラゼパム
1,注射薬,サビーン,デクスラゾキサン
1,注射薬,サフネロー,アニフロルマブ
1,注射薬,サブラッド,人工透析液
1,注射薬,サム,トロメタモール
1,注射薬,サムタス,トルバプタンリン酸エステルナトリウム
1,注射薬,サンディミュン,シクロスポリン
1,注射薬,サンドスタチン,オクトレオチド酢酸塩
1,注射薬,サンラビン,エノシタビン
1,注射薬,サンリズム,ピルシカイニド塩酸塩水和物
1,注射薬,サークリサ,イサツキシマブ
1,注射薬,ザイボックス,リネゾリド
1,注射薬,ザノサー,ストレプトゾシン
1,注射薬,ザバクサ,セフトロザン硫酸塩・タゾバクタムナトリウム
1,注射薬,ザルトラップ,アフリベルセプト ベータ
1,注射薬,シアノキット,ヒドロキソコバラミン
1,注射薬,シオゾール,金チオリンゴ酸ナトリウム
1,注射薬,シオマリン,ラタモキセフナトリウム
1,注射薬,シグニフォー,パシレオチドパモ酸塩
1,注射薬,シグマート,ニコランジル
1,注射薬,シナジス,パリビズマブ
1,注射薬,シプロキサン,シプロフロキサシン
1,注射薬,シベクトロ,テジゾリドリン酸エステル
1,注射薬,シベノール,シベンゾリンコハク酸塩
1,注射薬,シムジア,セルトリズマブ ペゴル
1,注射薬,シムレクト,バシリキシマブ
1,注射薬,シュンレンカ,レナカパビルナトリウム
1,注射薬,シンビット,ニフェカラント塩酸塩
1,注射薬,シンポニー,ゴリムマブ
1,注射薬,ジアグノグリーン,インドシアニングリーン
1,注射薬,ジェノトロピン,ソマトロピン
1,注射薬,ジェブタナ,カバジタキセル アセトン付加物
1,注射薬,ジェムザール,ゲムシタビン塩酸塩
1,注射薬,ジオン,硫酸アルミニウムカリウム水和物・タンニン酸
1,注射薬,ジスロマック,アジスロマイシン水和物
1,注射薬,ジビイ,ダモクトコグ アルファ ペゴル
1,注射薬,ジフォルタ,プララトレキサート
1,注射薬,ジフルカン,フルコナゾール
1,注射薬,ジプレキサ,オランザピン
1,注射薬,ジョイクル,ジクロフェナクエタルヒアルロン酸ナトリウム
1,注射薬,ジルビスク,ジルコプランナトリウム
1,注射薬,ジーラスタ,ペグフィルグラスチム
1,注射薬,スキリージ,リサンキズマブ
1,注射薬,スズコロイド,テクネチウムスズコロイド（99mTc）
1,注射薬,ステボロニン,ボロファラン（10B）
1,注射薬,ステミラック,ヒト（自己）骨髄由来間葉系幹細胞
1,注射薬,ステラーラ,ウステキヌマブ
1,注射薬,ステルイズ,ベンジルペニシリンベンザチン水和物
1,注射薬,ストレンジック,アスホターゼ アルファ
1,注射薬,スパニジン,グスペリムス塩酸塩
1,注射薬,スピンラザ,ヌシネルセンナトリウム
1,注射薬,スベニール,精製ヒアルロン酸ナトリウム
1,注射薬,スペビゴ,スペソリマブ
1,注射薬,スミフェロン,インターフェロンアルファ（NAMALWA）
1,注射薬,スルペラゾン,セフォペラゾンナトリウム・スルバクタムナトリウム
1,注射薬,スロンノン,アルガトロバン水和物
1,注射薬,セスデン,チメピジウム臭化物水和物
1,注射薬,セトロタイド,セトロレリクス酢酸塩
1,注射薬,セファメジン,セファゾリンナトリウム水和物
1,注射薬,セフォタックス,セフォタキシムナトリウム
1,注射薬,セフメタゾン,セフメタゾールナトリウム
1,注射薬,セルシン,ジアゼパム
1,注射薬,セレザイム,イミグルセラーゼ
1,注射薬,セレブロテック,エキサメタジムテクネチウム（99mTc）
1,注射薬,ゼオマイン,インコボツリヌストキシンA
1,注射薬,ゼプリオン,パリペリドンパルミチン酸エステル
1,注射薬,ゼンフォザイム,オリプダーゼ アルファ
1,注射薬,ソグルーヤ,ソマプシタン
1,注射薬,ソセゴン,ペンタゾシン
1,注射薬,ソナゾイド,ペルフルブタン
1,注射薬,ソマゾン,メカセルミン
1,注射薬,ソマチュリン,ランレオチド酢酸塩
1,注射薬,ソマバート,ペグビソマント
1,注射薬,ソリクア,インスリングラルギン・リキシセナチド
1,注射薬,ソリタ,人工透析液
1,注射薬,ソリタックス,維持液（ブドウ糖加）
1,注射薬,ソリリス,エクリズマブ
1,注射薬,ソルダクトン,カンレノ酸カリウム
1,注射薬,ソル・メドロール,メチルプレドニゾロンコハク酸エステルナトリウム
1,注射薬,ゾシン,タゾバクタム・ピペラシリン水和物
1,注射薬,ゾビラックス,アシクロビル
1,注射薬,ゾメタ,ゾレドロン酸水和物
1,注射薬,ゾラデックス,ゴセレリン酢酸塩
1,注射薬,ゾルゲンスマ,オナセムノゲン アベパルボベク
1,注射薬,ゾルトファイ,インスリン デグルデク・リラグルチド
1,注射薬,ゾレア,オマリズマブ
1,注射薬,ゾーフィゴ,塩化ラジウム（223Ra）
1,注射薬,タイガシル,チゲサイクリン
1,注射薬,タイサブリ,ナタリズマブ
1,注射薬,タイロゲン,ヒトチロトロピンアルファ
1,注射薬,タガメット,シメチジン
1,注射薬,タキソテール,ドセタキセル水和物
1,注射薬,タキソール,パクリタキセル
1,注射薬,タクザイロ,ラナデルマブ
1,注射薬,タケプロン,ランソプラゾール
1,注射薬,タゴシッド,テイコプラニン
1,注射薬,タンボコール,フレカイニド酢酸塩
1,注射薬,ダイアニール,腹膜透析液
1,注射薬,ダウノマイシン,ダウノルビシン塩酸塩
1,注射薬,ダットスキャン,イオフルパン（123I）
1,注射薬,ダラキューロ,ダラツムマブ・ボルヒアルロニダーゼ アルファ
1,注射薬,ダラザレックス,ダラツムマブ
1,注射薬,ダラシン,クリンダマイシンリン酸エステル
1,注射薬,ダルビアス,ダリナパルシン
1,注射薬,ダントリウム,ダントロレンナトリウム水和物
1,注射薬,チエナム,イミペネム水和物・シラスタチンナトリウム
1,注射薬,チラーヂン,レボチロキシンナトリウム水和物
1,注射薬,ツベラクチン,エンビオマイシン硫酸塩
1,注射薬,テクネ,ジメルカプトコハク酸テクネチウム（99mTc）
1,注射薬,テクネDTPAキット,ジエチレントリアミン五酢酸テクネチウム（99mTc）
1,注射薬,テクネMAAキット,テクネチウム大凝集人血清アルブミン（99mTc）
1,注射薬,テクネMAG3キット,ベンゾイルメルカプトアセチルグリシルグリシルグリシン
1,注射薬,テクネMAG3注射液,メルカプトアセチルグリシルグリシルグリシンテクネチウム（99mTc）
1,注射薬,テクネMDP注射液,メチレンジホスホン酸テクネチウム（99mTc）
1,注射薬,テクネピロリン,ピロリン酸テクネチウム（99mTc）
1,注射薬,テクネフチン,フィチン酸テクネチウムナトリウム（99mTc）
1,注射薬,テセントリク,アテゾリズマブ
1,注射薬,テゼスパイア,テゼペルマブ
1,注射薬,テムセル,ヒト（同種）骨髄由来間葉系幹細胞
1,注射薬,テモダール,テモゾロミド
1,注射薬,テラルビシン,ピラルビシン塩酸塩
1,注射薬,テリボン,テリパラチド酢酸塩
1,注射薬,ディプリバン,プロポフォール
1,注射薬,デキストラン,デキストラン40・乳酸リンゲル
1,注射薬,デスフェラール,デフェロキサミンメシル酸塩
1,注射薬,デノシン,ガンシクロビル
1,注射薬,デファイテリオ,デフィブロチドナトリウム
1,注射薬,デフィブラーゼ,バトロキソビン
1,注射薬,デポスタット,ゲストノロンカプロン酸エステル
1,注射薬,デュピクセント,デュピルマブ
1,注射薬,デリタクト,テセルパツレブ
1,注射薬,トブラシン,トブラマイシン
1,注射薬,トポテシン,イリノテカン塩酸塩水和物
1,注射薬,トラマール,トラマドール塩酸塩
1,注射薬,トリセノックス,三酸化二ヒ素
1,注射薬,トリフリード,維持液（複合糖加）
1,注射薬,トルツ,イキセキズマブ
1,注射薬,トルリシティ,デュラグルチド
1,注射薬,トレアキシン点滴静注液,ベンダムスチン塩酸塩水和物
1,注射薬,トレアキシン点滴静注用,ベンダムスチン塩酸塩
1,注射薬,トレシーバ,インスリンデグルデク
1,注射薬,トレプロスト,トレプロスチニル
1,注射薬,トレムフィア,グセルクマブ
1,注射薬,トロビシン,スペクチノマイシン塩酸塩水和物
1,注射薬,トロペロン,チミペロン
1,注射薬,トーリセル,テムシロリムス
1,注射薬,ドキシル,ドキソルビシン塩酸塩
1,注射薬,ドグマチール,スルピリド
1,注射薬,ドパストン,レボドパ
1,注射薬,ドブトレックス,ドブタミン塩酸塩
1,注射薬,ドプラム,ドキサプラム塩酸塩水和物
1,注射薬,ドルミカム,ミダゾラム
1,注射薬,ドロレプタン,ドロペリドール
1,注射薬,ナグラザイム,ガルスルファーゼ
1,注射薬,ナゼア,ラモセトロン塩酸塩
1,注射薬,ナノゾラ,オゾラリズマブ
1,注射薬,ナルベイン,ヒドロモルフォン塩酸塩
1,注射薬,ナーブロック,B型ボツリヌス毒素
1,注射薬,ニトプロ,ニトロプルシドナトリウム水和物
1,注射薬,ニトロール,硝酸イソソルビド
1,注射薬,ニドラン,ニムスチン塩酸塩
1,注射薬,ニューロライト,エチレンジシスティネートオキソテクネチウム（99mTc）
1,注射薬,ヌーイック,シモクトコグ アルファ
1,注射薬,ヌーカラ,メポリズマブ
1,注射薬,ネオアミユー,腎不全用アミノ酸製剤
1,注射薬,ネオパレン,アミノ酸・糖・電解質・ビタミン
1,注射薬,ネクスビアザイム,アバルグルコシダーゼ アルファ
1,注射薬,ネスプ,ダルベポエチンアルファ
1,注射薬,ノイトロジン,レノグラスチム
1,注射薬,ノクサフィル,ポサコナゾール
1,注射薬,ノバスタン,アルガトロバン水和物
1,注射薬,ノバントロン,ミトキサントロン塩酸塩
1,注射薬,ノボエイト,ツロクトコグ アルファ
1,注射薬,ノボサーティーン,カトリデカコグ
1,注射薬,ノボセブン,エプタコグアルファ（活性型）
1,注射薬,ノボラピッド,インスリンアスパルト
1,注射薬,ノボリン,インスリン ヒト
1,注射薬,ノルディトロピン,ソマトロピン
1,注射薬,ノーベルバール,フェノバルビタールナトリウム
1,注射薬,ノーモサング,ヘミン
1,注射薬,ハイカムチン,ノギテカン塩酸塩
1,注射薬,ハイカリック,高カロリー輸液用基本液
1,注射薬,ハイゼントラ,pH4処理酸性人免疫グロブリン（皮下注射）
1,注射薬,ハイドロコートン,ヒドロコルチゾンリン酸エステルナトリウム
1,注射薬,ハベカシン,アルベカシン硫酸塩
1,注射薬,ハラヴェン,エリブリンメシル酸塩
1,注射薬,ハロマンス,ハロペリドールデカン酸エステル
1,注射薬,ハンプ,カルペリチド
1,注射薬,ハーセプチン,トラスツズマブ
1,注射薬,バイエッタ,エキセナチド
1,注射薬,バイクロット,乾燥濃縮人血液凝固第Ⅹ因子加活性化第Ⅶ因子
1,注射薬,バイフィル,人工透析液
1,注射薬,バクトラミン,スルファメトキサゾール・トリメトプリム
1,注射薬,バビースモ,ファリシマブ
1,注射薬,バベンチオ,アベルマブ
1,注射薬,パオスクレー,フェノール
1,注射薬,パシル,パズフロキサシンメシル酸塩
1,注射薬,パズクロス,パズフロキサシンメシル酸塩
1,注射薬,パドセブ,エンホルツマブ ベドチン
1,注射薬,パニマイシン,ジベカシン硫酸塩
1,注射薬,パラプラチン,カルボプラチン
1,注射薬,パリンジック,ペグバリアーゼ
1,注射薬,パルクス,アルプロスタジル
1,注射薬,パレセーフ,アミノ酸・糖・電解質・ビタミン
1,注射薬,パレプラス,アミノ酸・糖・電解質・ビタミン
1,注射薬,パンスポリン,セフォチアム塩酸塩
1,注射薬,パーサビブ,エテルカルセチド塩酸塩
1,注射薬,パージェタ,ペルツズマブ
1,注射薬,パーヒューザミン,塩酸N-イソプロピル-4-ヨードアンフェタミン（123I）
1,注射薬,ヒフデュラ,エフガルチギモド アルファ・ボルヒアルロニダーゼ アルファ
1,注射薬,ヒポクライン,ゴナドレリン酢酸塩
1,注射薬,ヒュミラ,アダリムマブ
1,注射薬,ヒュンタラーゼ,イデュルスルファーゼ ベータ
1,注射薬,ヒューマトロープ,ソマトロピン
1,注射薬,ヒューマリン,インスリン ヒト
1,注射薬,ヒューマログ,インスリンリスプロ
1,注射薬,ヒルトニン,プロチレリン酒石酸塩水和物
1,注射薬,ビカネイト,重炭酸リンゲル
1,注射薬,ビカーボン,重炭酸リンゲル
1,注射薬,ビキセオス,ダウノルビシン塩酸塩・シタラビン
1,注射薬,ビクトーザ,リラグルチド
1,注射薬,ビザミル,フルテメタモル（18F）
1,注射薬,ビジパーク,イオジキサノール
1,注射薬,ビスダイン,ベルテポルフィン
1,注射薬,ビソルボン,ブロムヘキシン塩酸塩
1,注射薬,ビダーザ,アザシチジン
1,注射薬,ビプリブ,ベラグルセラーゼ アルファ
1,注射薬,ビミジム,エロスルファーゼ アルファ
1,注射薬,ビムパット,ラコサミド
1,注射薬,ビリスコピン,イオトロクス酸メグルミン
1,注射薬,ビルテプソ,ビルトラルセン
1,注射薬,ビロイ,ゾルベツキシマブ
1,注射薬,ビンゼレックス,ビメキズマブ
1,注射薬,ビーフリード,アミノ酸・糖・電解質・ビタミン
1,注射薬,ビーリンサイト,ブリナツモマブ
1,注射薬,ピアスカイ,クロバリマブ
1,注射薬,ピシバニール,溶連菌抽出物
1,注射薬,ピノルビン,ピラルビシン塩酸塩
1,注射薬,ピリヴィジェン,pH4処理酸性人免疫グロブリン
1,注射薬,ピヴラッツ,クラゾセンタンナトリウム
1,注射薬,ピーエヌツイン,アミノ酸・糖・電解質
1,注射薬,ファセンラ,ベンラリズマブ
1,注射薬,ファブラザイム,アガルシダーゼベータ
1,注射薬,ファンガード,ミカファンギンナトリウム
1,注射薬,ファーストシン,セフォゾプラン塩酸塩
1,注射薬,フィアスプ,インスリンアスパルト
1,注射薬,フィコンパ,ペランパネル水和物
1,注射薬,フィジオ,維持液（ブドウ糖加）
1,注射薬,フィニバックス,ドリペネム水和物
1,注射薬,フィラジル,イカチバント酢酸塩
1,注射薬,フィルデシン,ビンデシン硫酸塩
1,注射薬,フェインジェクト,カルボキシマルトース第二鉄
1,注射薬,フェスゴ,ペルツズマブ・トラスツズマブ・ボルヒアルロニダーゼ アルファ
1,注射薬,フェソロデックス,フルベストラント
1,注射薬,フェトロージャ,セフィデロコルトシル酸塩硫酸塩水和物
1,注射薬,フエロン,インターフェロンベータ
1,注射薬,フォリスチム,フォリトロピン ベータ
1,注射薬,フォルテオ,テリパラチド
1,注射薬,フサン,ナファモスタットメシル酸塩
1,注射薬,フラグミン,ダルテパリンナトリウム
1,注射薬,フルカリック,アミノ酸・糖・電解質・ビタミン
1,注射薬,フルダラ,フルダラビンリン酸エステル
1,注射薬,フルデカシン,フルフェナジンデカン酸エステル
1,注射薬,フルマリン,フロモキセフナトリウム
1,注射薬,フロリード,ミコナゾール
1,注射薬,フローラン,エポプロステノールナトリウム
1,注射薬,ブイフェンド,ボリコナゾール
1,注射薬,ブスルフェクス,ブスルファン
1,注射薬,ブリカニール,テルブタリン硫酸塩
1,注射薬,ブリディオン,スガマデクスナトリウム
1,注射薬,ブリニューラ,セルリポナーゼ アルファ
1,注射薬,ブレオ,ブレオマイシン塩酸塩
1,注射薬,ブレビブロック,エスモロール塩酸塩
1,注射薬,ブレヤンジ,リソカブタゲン マラルユーセル
1,注射薬,プラスアミノ,総合アミノ酸製剤（ブドウ糖加）
1,注射薬,プラリア,デノスマブ
1,注射薬,プリズバインド,イダルシズマブ
1,注射薬,プレアミン,高カロリー輸液用総合アミノ酸製剤
1,注射薬,プレバイミス,レテルモビル
1,注射薬,プロイメンド,ホスアプレピタントメグルミン
1,注射薬,プログラフ,タクロリムス水和物
1,注射薬,プロジフ,ホスフルコナゾール
1,注射薬,プロスコープ,イオプロミド
1,注射薬,プロスタルモン,ジノプロスト
1,注射薬,プロスタンディン,アルプロスタジル アルファデクス
1,注射薬,プロハンス,ガドテリドール
1,注射薬,プールシンチ,人血清アルブミンジエチレントリアミン五酢酸テクネチウム（99mTc）
1,注射薬,ヘパティメージ,N-ピリドキシル-5-メチルトリプトファンテクネチウム（99mTc）
1,注射薬,ヘムライブラ,エミシズマブ
1,注射薬,ヘルニコア,コンドリアーゼ
1,注射薬,ヘルベッサー,ジルチアゼム塩酸塩
1,注射薬,ベイフォータス,ニルセビマブ
1,注射薬,ベオビュ,ブロルシズマブ
1,注射薬,ベクティビックス,パニツムマブ
1,注射薬,ベクルリー,レムデシビル
1,注射薬,ベストコール,セフメノキシム塩酸塩
1,注射薬,ベスポンサ,イノツズマブ オゾガマイシン
1,注射薬,ベスレミ,ロペグインターフェロン アルファ-2b
1,注射薬,ベタフェロン,インターフェロンベータ-1b
1,注射薬,ベナンバックス,ペンタミジンイセチオン酸塩
1,注射薬,ベネフィクス,ノナコグアルファ
1,注射薬,ベプシド,エトポシド
1,注射薬,ベリナート,乾燥濃縮人C1-インアクチベーター
1,注射薬,ベルケイド,ボルテゾミブ
1,注射薬,ベンゾダイン,イオマゼニル（123I）
1,注射薬,ベンリスタ,ベリムマブ
1,注射薬,ペガシス,ペグインターフェロンアルファ-2a
1,注射薬,ペプレオ,ペプロマイシン硫酸塩
1,注射薬,ペリセート,腹膜透析液
1,注射薬,ペルジピン,ニカルジピン塩酸塩
1,注射薬,ペントシリン,ピペラシリンナトリウム
1,注射薬,ホスカビル,ホスカルネットナトリウム水和物
1,注射薬,ホストイン,ホスフェニトインナトリウム水和物
1,注射薬,ホスミシン,ホスホマイシンナトリウム
1,注射薬,ホリゾン,ジアゼパム
1,注射薬,ボカブリア,カボテグラビル
1,注射薬,ボックスゾゴ,ボソリチド
1,注射薬,ボトックス,A型ボツリヌス毒素
1,注射薬,ボナロン,アレンドロン酸ナトリウム水和物
1,注射薬,ボルベン,ヒドロキシエチルデンプン130000
1,注射薬,ボンビバ,イバンドロン酸ナトリウム水和物
1,注射薬,ボンベンディ,ボニコグ アルファ
1,注射薬,ポタコール,マルトース加乳酸リンゲル
1,注射薬,ポテリジオ,モガムリズマブ
1,注射薬,ポプスカイン,塩酸レボブピバカイン
1,注射薬,ポライビー,ポラツズマブ ベドチン
1,注射薬,ポリドカスクレロール,ポリドカノール
1,注射薬,ポートラーザ,ネシツムマブ
1,注射薬,マイオザイム,アルグルコシダーゼアルファ
1,注射薬,マイオビュー,テトロホスミンテクネチウム（99mTc）
1,注射薬,マイトマイシン,マイトマイシンC
1,注射薬,マイロターグ,ゲムツズマブオゾガマイシン
1,注射薬,マキュエイド,トリアムシノロンアセトニド
1,注射薬,マグセント,硫酸マグネシウム水和物・ブドウ糖
1,注射薬,マグネスコープ,ガドテル酸メグルミン
1,注射薬,マブキャンパス,アレムツズマブ
1,注射薬,マルタミン,高カロリー輸液用総合ビタミン剤
1,注射薬,マルトス,マルトース水和物
1,注射薬,マンジャロ,チルゼパチド
1,注射薬,マーカイン,ブピバカイン塩酸塩水和物
1,注射薬,ミオMIBG,3-ヨードベンジルグアニジン（123I）
1,注射薬,ミオテクター,塩化ナトリウム・塩化カリウム配合剤
1,注射薬,ミキシッド,アミノ酸・糖・脂肪・電解質
1,注射薬,ミダフレッサ,ミダゾラム
1,注射薬,ミチーガ,ネモリズマブ
1,注射薬,ミッドペリック,腹膜透析液
1,注射薬,ミノマイシン,ミノサイクリン塩酸塩
1,注射薬,ミラクリッド,ウリナスタチン
1,注射薬,ミリスロール,ニトログリセリン
1,注射薬,ミリプラ動注用,ミリプラチン水和物
1,注射薬,ミリプラ用懸濁用液,ヨード化ケシ油脂肪酸エチルエステル
1,注射薬,ミルセラ,エポエチン ベータ ペゴル
1,注射薬,ミルリーラ,ミルリノン
1,注射薬,メイセリン,セフミノクスナトリウム水和物
1,注射薬,メキシチール,メキシレチン塩酸塩
1,注射薬,メグルダーゼ,グルカルピダーゼ
1,注射薬,メソトレキセート,メトトレキサート
1,注射薬,メチコバール,メコバラミン
1,注射薬,メトジェクト,メトトレキサート
1,注射薬,メプセヴィ,ベストロニダーゼ アルファ
1,注射薬,メロペン,メロペネム水和物
1,注射薬,メンクアッドフィ,4価髄膜炎菌ワクチン（破傷風トキソイド結合体）
1,注射薬,モゾビル,プレリキサホル
1,注射薬,モノヴァー,デルイソマルトース第二鉄
1,注射薬,モリプロン,高カロリー輸液用総合アミノ酸製剤
1,注射薬,モリヘパミン,肝不全用アミノ酸製剤
1,注射薬,ヤーボイ,イピリムマブ
1,注射薬,ユナシン,アンピシリンナトリウム・スルバクタムナトリウム
1,注射薬,ユニタルク,滅菌調整タルク
1,注射薬,ユニツキシン,ジヌツキシマブ
1,注射薬,ユプリズナ,イネビリズマブ
1,注射薬,ユルトミリス,ラブリズマブ
1,注射薬,ヨンデリス,トラベクテジン
1,注射薬,ライアットMIBG,3-ヨードベンジルグアニジン（131I）
1,注射薬,ライザケア,L-リシン塩酸塩・L-アルギニン塩酸塩
1,注射薬,ライゾデグ,インスリン デグルデク・インスリン アスパルト
1,注射薬,ラシックス,フロセミド
1,注射薬,ラジカット,エダラボン
1,注射薬,ラステット,エトポシド
1,注射薬,ラスビック,ラスクフロキサシン塩酸塩
1,注射薬,ラスリテック,ラスブリカーゼ
1,注射薬,ラビピュール,乾燥組織培養不活化狂犬病ワクチン
1,注射薬,ラピアクタ,ペラミビル水和物
1,注射薬,ランタス,インスリングラルギン
1,注射薬,ランダ,シスプラチン
1,注射薬,ランマーク,デノスマブ
1,注射薬,リカムビス,リルピビリン
1,注射薬,リキスミア,リキシセナチド
1,注射薬,リクラスト,ゾレドロン酸水和物
1,注射薬,リコモジュリン,トロンボモデュリンアルファ
1,注射薬,リサイオ,チオテパ
1,注射薬,リスティーゴ,ロザノリキシズマブ
1,注射薬,リスパダール,リスペリドン
1,注射薬,リスモダン,リン酸ジソピラミド
1,注射薬,リゾビスト,フェルカルボトラン
1,注射薬,リツキサン,リツキシマブ
1,注射薬,リハビックス,高カロリー輸液用基本液
1,注射薬,リブタヨ,セミプリマブ
1,注射薬,リプル,アルプロスタジル
1,注射薬,リプレガル,アガルシダーゼアルファ
1,注射薬,リメタゾン,デキサメタゾンパルミチン酸エステル
1,注射薬,リュープリン,リュープロレリン酢酸塩
1,注射薬,リンスパッド,乾燥濃縮人α1-プロテイナーゼインヒビター
1,注射薬,リンパック,人工透析液
1,注射薬,リン酸Na補正液,リン酸水素ナトリウム水和物・リン酸二水素ナトリウム水和物
1,注射薬,ルクスターナ,ボレチゲン ネパルボベク
1,注射薬,ルセンティス,ラニビズマブ
1,注射薬,ルタテラ,ルテチウムオキソドトレオチド（177Lu）
1,注射薬,ルミセフ,ブロダルマブ
1,注射薬,ルムジェブ,インスリンリスプロ
1,注射薬,レカルブリオ,レレバクタム水和物・イミペネム水和物・シラスタチンナトリウム
1,注射薬,レギュニール,腹膜透析液
1,注射薬,レクビオ,インクリシランナトリウム
1,注射薬,レケンビ,レカネマブ
1,注射薬,レコベル,ホリトロピンデルタ
1,注射薬,レザフィリン,タラポルフィンナトリウム
1,注射薬,レスピア,無水カフェイン
1,注射薬,レパーサ,エボロクマブ
1,注射薬,レフィキシア,ノナコグ ベータ ペゴル
1,注射薬,レブコビ,エラペグアデマーゼ
1,注射薬,レブロジル,ルスパテルセプト
1,注射薬,レベスティブ,テデュグルチド
1,注射薬,レベミル,インスリンデテミル
1,注射薬,レペタン,ブプレノルフィン塩酸塩
1,注射薬,レミケード,インフリキシマブ
1,注射薬,レミトロ,デニロイキン ジフチトクス
1,注射薬,ロイスタチン,クラドリビン
1,注射薬,ロイナーゼ,L-アスパラギナーゼ
1,注射薬,ロカルトロール,カルシトリオール
1,注射薬,ロセフィン,セフトリアキソンナトリウム水和物
1,注射薬,ロピオン,フルルビプロフェンアキセチル
1,注射薬,ロミプレート,ロミプロスチム
1,注射薬,ロラピタ,ロラゼパム
1,注射薬,ローヘパ,パルナパリンナトリウム
1,注射薬,ワソラン,ベラパミル塩酸塩
1,注射薬,ワンタキソテール,ドセタキセル水和物
1,注射薬,ワンパル,アミノ酸・糖・電解質・ビタミン
1,注射薬,ヴィアレブ,ホスレボドパ・ホスカルビドパ水和物
1,注射薬,ヴィーン3G輸液,酢酸維持液（ブドウ糖加）
1,注射薬,ヴィーンD輸液,ブドウ糖加酢酸リンゲル
1,注射薬,ヴィーンF輸液,酢酸リンゲル
1,注射薬,静注用フローラン専用溶解液,エポプロステノールナトリウム専用溶解液
2,外用薬,5-FU軟膏,フルオロウラシル
2,外用薬,アイオピジンUD点眼液,アプラクロニジン塩酸塩
2,外用薬,アイファガン点眼液,ブリモニジン酒石酸塩
2,外用薬,アイベータ配合点眼液,ブリモニジン酒石酸塩・チモロールマレイン酸塩
2,外用薬,アイラミド配合懸濁性点眼液,ブリモニジン酒石酸塩・ブリンゾラミド
2,外用薬,アクアチムクリーム,ナジフロキサシン
2,外用薬,アクアチムローション,ナジフロキサシン
2,外用薬,アクアチム軟膏,ナジフロキサシン
2,外用薬,アクトシン軟膏,ブクラデシンナトリウム
2,外用薬,アコニップパップ,インドメタシン
2,外用薬,アジマイシン点眼液,アジスロマイシン水和物
2,外用薬,アスタットクリーム,ラノコナゾール
2,外用薬,アスタット外用液,ラノコナゾール
2,外用薬,アスタット軟膏,ラノコナゾール
2,外用薬,アズノールST錠口腔用,アズレンスルホン酸ナトリウム水和物
2,外用薬,アズマネックスツイストヘラー,モメタゾンフランカルボン酸エステル
2,外用薬,アゾルガ配合懸濁性点眼液,ブリンゾラミド・チモロールマレイン酸塩
2,外用薬,アテキュラ吸入用カプセル,インダカテロール酢酸塩・モメタゾンフランカルボン酸エステル
2,外用薬,アデスタン腟錠,イソコナゾール硝酸塩
2,外用薬,アトラントクリーム,ネチコナゾール塩酸塩
2,外用薬,アトラント外用液,ネチコナゾール塩酸塩
2,外用薬,アトラント軟膏,ネチコナゾール塩酸塩
2,外用薬,アトロベントエロゾル,イプラトロピウム臭化物水和物
2,外用薬,アドエアエアゾール,サルメテロールキシナホ酸塩・フルチカゾンプロピオン酸エステル
2,外用薬,アドエアディスカス,サルメテロールキシナホ酸塩・フルチカゾンプロピオン酸エステル
2,外用薬,アドフィードパップ,フルルビプロフェン
2,外用薬,アニュイティエリプタ,フルチカゾンフランカルボン酸エステル
2,外用薬,アノーロエリプタ,ウメクリジニウム臭化物・ビランテロールトリフェニル酢酸塩
2,外用薬,アフタッチ口腔用貼付剤,トリアムシノロンアセトニド
2,外用薬,アポハイドローション,オキシブチニン塩酸塩
2,外用薬,アラセナ-Aクリーム,ビダラビン
2,外用薬,アラセナ-A軟膏,ビダラビン
2,外用薬,アラミスト点鼻液,フルチカゾンフランカルボン酸エステル
2,外用薬,アリケイス吸入液,アミカシン硫酸塩
2,外用薬,アリドネパッチ,ドネペジル
2,外用薬,アルスロマチック関節手術用灌流液,乳酸リンゲル
2,外用薬,アルピニー坐剤,アセトアミノフェン
2,外用薬,アルメタ軟膏,アルクロメタゾンプロピオン酸エステル
2,外用薬,アレギサール点眼液,ペミロラストカリウム
2,外用薬,アレサガテープ,エメダスチンフマル酸塩
2,外用薬,アレジオンLX点眼液,エピナスチン塩酸塩
2,外用薬,アレジオン点眼液,エピナスチン塩酸塩
2,外用薬,アレジオン眼瞼クリーム,エピナスチン塩酸塩
2,外用薬,アンテベートクリーム,ベタメタゾン酪酸エステルプロピオン酸エステル
2,外用薬,アンテベートローション,ベタメタゾン酪酸エステルプロピオン酸エステル
2,外用薬,アンテベート軟膏,ベタメタゾン酪酸エステルプロピオン酸エステル
2,外用薬,アンヒバ坐剤,アセトアミノフェン
2,外用薬,アンペック坐剤,モルヒネ塩酸塩水和物
2,外用薬,イクセロンパッチ,リバスチグミン
2,外用薬,イドメシンコーワクリーム,インドメタシン
2,外用薬,イドメシンコーワゲル,インドメタシン
2,外用薬,イドメシンコーワゾル,インドメタシン
2,外用薬,イドメシンコーワパップ,インドメタシン
2,外用薬,イナビル吸入懸濁用セット,ラニナミビルオクタン酸エステル水和物
2,外用薬,イナビル吸入粉末剤,ラニナミビルオクタン酸エステル水和物
2,外用薬,イノリン吸入液,トリメトキノール塩酸塩水和物
2,外用薬,イミグラン点鼻液,スマトリプタン
2,外用薬,イムノブラダー膀注用,乾燥BCG膀胱内用（日本株）
2,外用薬,インサイドパップ,インドメタシン
2,外用薬,インタール吸入液,クロモグリク酸ナトリウム
2,外用薬,インテナースパップ,インドメタシン
2,外用薬,インテバンクリーム,インドメタシン
2,外用薬,インテバン外用液,インドメタシン
2,外用薬,インテバン軟膏,インドメタシン
2,外用薬,ウトロゲスタン腟用カプセル,プロゲステロン
2,外用薬,ウブレチド点眼液,ジスチグミン臭化物
2,外用薬,ウルティブロ吸入用カプセル,インダカテロールマレイン酸塩・グリコピロニウム臭化物
2,外用薬,ウレパールクリーム,尿素
2,外用薬,ウレパールローション,尿素
2,外用薬,ウロマチックS泌尿器科用灌流液,D-ソルビトール
2,外用薬,エイゾプト懸濁性点眼液,ブリンゾラミド
2,外用薬,エイベリス点眼液,オミデネパグ イソプロピル
2,外用薬,エクセルダームクリーム,スルコナゾール硝酸塩
2,外用薬,エクセルダーム外用液,スルコナゾール硝酸塩
2,外用薬,エクラークリーム,デプロドンプロピオン酸エステル
2,外用薬,エクラープラスター,デプロドンプロピオン酸エステル
2,外用薬,エクラーローション,デプロドンプロピオン酸エステル
2,外用薬,エクラー軟膏,デプロドンプロピオン酸エステル
2,外用薬,エクリラジェヌエア,アクリジニウム臭化物
2,外用薬,エクロックゲル,ソフピロニウム臭化物
2,外用薬,エコリシン眼軟膏,エリスロマイシンラクトビオン酸塩・コリスチンメタンスルホン酸ナトリウム
2,外用薬,エストラーナテープ,エストラジオール
2,外用薬,エナジア吸入用カプセル,インダカテロール酢酸塩・グリコピロニウム臭化物・モメタゾンフランカルボン酸エステル
2,外用薬,エピデュオゲル,アダパレン・過酸化ベンゾイル
2,外用薬,エポセリン坐剤,セフチゾキシムナトリウム
2,外用薬,エムラクリーム,リドカイン・プロピトカイン配合剤
2,外用薬,エムラパッチ,リドカイン・プロピトカイン配合剤
2,外用薬,エリザスカプセル外用,デキサメタゾンシペシル酸エステル
2,外用薬,エリザス点鼻粉末,デキサメタゾンシペシル酸エステル
2,外用薬,エンクラッセエリプタ,ウメクリジニウム臭化物
2,外用薬,エンペシドクリーム,クロトリマゾール
2,外用薬,オキサロールローション,マキサカルシトール
2,外用薬,オキサロール軟膏,マキサカルシトール
2,外用薬,オキナゾールクリーム,オキシコナゾール硝酸塩
2,外用薬,オキナゾール外用液,オキシコナゾール硝酸塩
2,外用薬,オキナゾール腟錠,オキシコナゾール硝酸塩
2,外用薬,オゼックス点眼液,トスフロキサシントシル酸塩水和物
2,外用薬,オペガン眼粘弾剤,精製ヒアルロン酸ナトリウム
2,外用薬,オペガードMA眼灌流液,ブドウ糖・無機塩類配合剤
2,外用薬,オラビ錠口腔用,ミコナゾール
2,外用薬,オルセノン軟膏,トレチノイントコフェリル
2,外用薬,オルベスコインヘラー,シクレソニド
2,外用薬,オンブレス吸入用カプセル,インダカテロールマレイン酸塩
2,外用薬,オーキシスタービュヘイラー,ホルモテロールフマル酸塩水和物
2,外用薬,カデックス軟膏,ヨウ素
2,外用薬,カデックス軟膏分包,ヨウ素
2,外用薬,カトレップテープ,インドメタシン
2,外用薬,カトレップパップ,インドメタシン
2,外用薬,カロナール坐剤,アセトアミノフェン
2,外用薬,ガチフロ点眼液,ガチフロキサシン水和物
2,外用薬,キサラタン点眼液,ラタノプロスト
2,外用薬,キュバールエアゾール,ベクロメタゾンプロピオン酸エステル
2,外用薬,キンダベート軟膏,クロベタゾン酪酸エステル
2,外用薬,ギリアデル脳内留置用剤,カルムスチン
2,外用薬,クラビット点眼液,レボフロキサシン水和物
2,外用薬,クレナフィン爪外用液,エフィナコナゾール
2,外用薬,クロマイ腟錠,クロラムフェニコール
2,外用薬,グラアルファ配合点眼液,リパスジル塩酸塩水和物・ブリモニジン酒石酸塩
2,外用薬,グラナテック点眼液,リパスジル塩酸塩水和物
2,外用薬,ケタス点眼液,イブジラスト
2,外用薬,ケラチナミンコーワクリーム,尿素
2,外用薬,ケンブラン吸入粉末溶解用,メタコリン塩化物
2,外用薬,ゲンタシンクリーム,ゲンタマイシン硫酸塩
2,外用薬,ゲンタシン軟膏,ゲンタマイシン硫酸塩
2,外用薬,ゲーベンクリーム,スルファジアジン銀
2,外用薬,コソプトミニ配合点眼液,ドルゾラミド塩酸塩・チモロールマレイン酸塩
2,外用薬,コソプト配合点眼液,ドルゾラミド塩酸塩・チモロールマレイン酸塩
2,外用薬,コムクロシャンプー,クロベタゾールプロピオン酸エステル
2,外用薬,コムレクス耳科用液,レボフロキサシン水和物
2,外用薬,コリフメシンパップ,インドメタシン
2,外用薬,コレクチム軟膏,デルゴシチニブ
2,外用薬,コンベッククリーム,ウフェナマート
2,外用薬,コンベック軟膏,ウフェナマート
2,外用薬,サイプレジン点眼液,シクロペントラート塩酸塩
2,外用薬,サラゾピリン坐剤,サラゾスルファピリジン
2,外用薬,サリベートエアゾール,リン酸二カリウム・無機塩類配合剤
2,外用薬,サルグマリン,サルグラモスチム
2,外用薬,サルコートカプセル外用,ベクロメタゾンプロピオン酸エステル
2,外用薬,サルタノールインヘラー,サルブタモール硫酸塩
2,外用薬,サーファクテン気管注入用,肺サーファクタント
2,外用薬,ザジテン点眼液,ケトチフェンフマル酸塩
2,外用薬,ザジテン点鼻液,ケトチフェンフマル酸塩
2,外用薬,ザラカム配合点眼液,ラタノプロスト・チモロールマレイン酸塩
2,外用薬,ザーネ軟膏,ビタミンA油
2,外用薬,シスタドロップス点眼液,システアミン塩酸塩
2,外用薬,シムビコートタービュヘイラー,ブデソニド・ホルモテロールフマル酸塩水和物
2,外用薬,シーブリ吸入用カプセル,グリコピロニウム臭化物
2,外用薬,ジクアスLX点眼液,ジクアホソルナトリウム
2,外用薬,ジクアス点眼液,ジクアホソルナトリウム
2,外用薬,ジクトルテープ,ジクロフェナクナトリウム
2,外用薬,ジクロード点眼液,ジクロフェナクナトリウム
2,外用薬,ジムソ膀胱内注入液,ジメチルスルホキシド
2,外用薬,ジルダザック軟膏,ベンダザック
2,外用薬,スタデルムクリーム,イブプロフェンピコノール
2,外用薬,スタデルム軟膏,イブプロフェンピコノール
2,外用薬,スピオルトレスピマット,チオトロピウム臭化物水和物・オロダテロール塩酸塩
2,外用薬,スピリーバレスピマット,チオトロピウム臭化物水和物
2,外用薬,スピリーバ吸入用カプセル,チオトロピウム臭化物水和物
2,外用薬,スプレキュア点鼻液,ブセレリン酢酸塩
2,外用薬,スミスリンローション,フェノトリン
2,外用薬,スープレン吸入麻酔液,デスフルラン
2,外用薬,セクタークリーム,ケトプロフェン
2,外用薬,セクターゲル,ケトプロフェン
2,外用薬,セクターローション,ケトプロフェン
2,外用薬,セボフレン吸入麻酔液,セボフルラン
2,外用薬,セルタッチテープ,フェルビナク
2,外用薬,セルタッチパップ,フェルビナク
2,外用薬,セレベントディスカス,サルメテロールキシナホ酸塩
2,外用薬,ゼノンコールド,キセノンガス（非放射性）
2,外用薬,ゼビアックスローション,オゼノキサシン
2,外用薬,ゼビアックス油性クリーム,オゼノキサシン
2,外用薬,ゼフナートクリーム,リラナフタート
2,外用薬,ゼフナート外用液,リラナフタート
2,外用薬,ゼペリン点眼液,アシタザノラスト水和物
2,外用薬,ゼポラステープ,フルルビプロフェン
2,外用薬,ゼポラスパップ,フルルビプロフェン
2,外用薬,ソアナース軟膏,精製白糖・ポビドンヨード
2,外用薬,ゾビラックスクリーム,アシクロビル
2,外用薬,ゾビラックス眼軟膏,アシクロビル
2,外用薬,ゾビラックス軟膏,アシクロビル
2,外用薬,タコシール組織接着用シート,フィブリノゲン配合剤
2,外用薬,タプコム配合点眼液,タフルプロスト・チモロールマレイン酸塩
2,外用薬,タプロス点眼液,タフルプロスト
2,外用薬,タリビッド点眼液,オフロキサシン
2,外用薬,タリビッド眼軟膏,オフロキサシン
2,外用薬,タリビッド耳科用液,オフロキサシン
2,外用薬,タリムス点眼液,タクロリムス水和物
2,外用薬,ダイアコートクリーム,ジフロラゾン酢酸エステル
2,外用薬,ダイアコート軟膏,ジフロラゾン酢酸エステル
2,外用薬,ダイアップ坐剤,ジアゼパム
2,外用薬,ダラシンTゲル,クリンダマイシンリン酸エステル
2,外用薬,ダラシンTローション,クリンダマイシンリン酸エステル
2,外用薬,チモプトールXE点眼液,チモロールマレイン酸塩
2,外用薬,チモプトール点眼液,チモロールマレイン酸塩
2,外用薬,テクスメテン　ユニバーサル　クリーム,ジフルコルトロン吉草酸エステル
2,外用薬,テクスメテン軟膏,ジフルコルトロン吉草酸エステル
2,外用薬,テリルジーエリプタ,フルチカゾンフランカルボン酸エステル・ウメクリジニウム臭化物・ビランテロールトリフェニル酢酸塩
2,外用薬,ディスコビスク眼粘弾剤,精製ヒアルロン酸ナトリウム・コンドロイチン硫酸エステルナトリウム
2,外用薬,ディビゲル,エストラジオール
2,外用薬,ディフェリンゲル,アダパレン
2,外用薬,デスモプレシン・スプレー協和,デスモプレシン酢酸塩水和物
2,外用薬,デタントール点眼液,ブナゾシン塩酸塩
2,外用薬,デュアック配合ゲル,クリンダマイシンリン酸エステル水和物・過酸化ベンゾイル
2,外用薬,デュオトラバ配合点眼液,トラボプロスト・チモロールマレイン酸塩
2,外用薬,デュロテップMTパッチ,フェンタニル
2,外用薬,デルモベートクリーム,クロベタゾールプロピオン酸エステル
2,外用薬,デルモベートスカルプローション,クロベタゾールプロピオン酸エステル
2,外用薬,デルモベート軟膏,クロベタゾールプロピオン酸エステル
2,外用薬,トスフロ点眼液,トスフロキサシントシル酸塩水和物
2,外用薬,トブラシン点眼液,トブラマイシン
2,外用薬,トプシムEクリーム,フルオシノニド
2,外用薬,トプシムクリーム,フルオシノニド
2,外用薬,トプシムスプレー,フルオシノニド
2,外用薬,トプシムローション,フルオシノニド
2,外用薬,トプシム軟膏,フルオシノニド
2,外用薬,トラバタンズ点眼液,トラボプロスト
2,外用薬,トラメラスPF点眼液,トラニラスト
2,外用薬,トラメラス点眼液,トラニラスト
2,外用薬,トルソプト点眼液,ドルゾラミド塩酸塩
2,外用薬,トレプロスト吸入液,トレプロスチニル
2,外用薬,トービイ吸入液,トブラマイシン
2,外用薬,ドボネックス軟膏,カルシポトリオール
2,外用薬,ドボベットゲル,カルシポトリオール水和物・ベタメタゾンジプロピオン酸エステル
2,外用薬,ドボベットフォーム,カルシポトリオール水和物・ベタメタゾンジプロピオン酸エステル
2,外用薬,ドボベット軟膏,カルシポトリオール水和物・ベタメタゾンジプロピオン酸エステル
2,外用薬,ナウゼリン坐剤,ドンペリドン
2,外用薬,ナサニール点鼻液,ナファレリン酢酸塩水和物
2,外用薬,ナゾネックス点鼻液,モメタゾンフランカルボン酸エステル水和物
2,外用薬,ナパゲルンクリーム,フェルビナク
2,外用薬,ナパゲルンローション,フェルビナク
2,外用薬,ナパゲルン軟膏,フェルビナク
2,外用薬,ナボールゲル,ジクロフェナクナトリウム
2,外用薬,ナボールテープ,ジクロフェナクナトリウム
2,外用薬,ナボールテープL,ジクロフェナクナトリウム
2,外用薬,ナボールパップ,ジクロフェナクナトリウム
2,外用薬,ニコチネルTTS,ニコチン
2,外用薬,ニゾラールクリーム,ケトコナゾール
2,外用薬,ニゾラールローション,ケトコナゾール
2,外用薬,ニトロダームTTS,ニトログリセリン
2,外用薬,ニトロールスプレー,硝酸イソソルビド
2,外用薬,ニフラン点眼液,プラノプロフェン
2,外用薬,ニプラノール点眼液,ニプラジロール
2,外用薬,ニュープロパッチ,ロチゴチン
2,外用薬,ネオキシテープ,オキシブチニン塩酸塩
2,外用薬,ネキソブリッド外用ゲル,パイナップル茎搾汁精製物
2,外用薬,ネバナック懸濁性点眼液,ネパフェナク
2,外用薬,ネリゾナクリーム,ジフルコルトロン吉草酸エステル
2,外用薬,ネリゾナソリューション,ジフルコルトロン吉草酸エステル
2,外用薬,ネリゾナユニバーサルクリーム,ジフルコルトロン吉草酸エステル
2,外用薬,ネリゾナ軟膏,ジフルコルトロン吉草酸エステル
2,外用薬,ノフロ点眼液,ノルフロキサシン
2,外用薬,ノルスパンテープ,ブプレノルフィン
2,外用薬,ハイパジールコーワ点眼液,ニプラジロール
2,外用薬,ハップスターID,インドメタシン
2,外用薬,ハルロピテープ,ロピニロール塩酸塩
2,外用薬,バキソ軟膏,ピロキシカム
2,外用薬,バクスミー点鼻粉末剤,グルカゴン
2,外用薬,バクトロバン鼻腔用軟膏,ムピロシンカルシウム水和物
2,外用薬,バソレーターテープ,ニトログリセリン
2,外用薬,バンコマイシン眼軟膏,バンコマイシン塩酸塩
2,外用薬,パスタロンクリーム,尿素
2,外用薬,パスタロンソフト軟膏,尿素
2,外用薬,パスタロンローション,尿素
2,外用薬,パタノール点眼液,オロパタジン塩酸塩
2,外用薬,パッチテスト試薬,パッチテスト用塩類
2,外用薬,パニマイシン点眼液,ジベカシン硫酸塩
2,外用薬,パピロック点眼液,シクロスポリン
2,外用薬,パルミコートタービュヘイラー,ブデソニド
2,外用薬,パルミコート吸入液,ブデソニド
2,外用薬,パンデルクリーム,酪酸プロピオン酸ヒドロコルチゾン
2,外用薬,パンデルローション,酪酸プロピオン酸ヒドロコルチゾン
2,外用薬,パンデル軟膏,酪酸プロピオン酸ヒドロコルチゾン
2,外用薬,ヒアレイン点眼液,精製ヒアルロン酸ナトリウム
2,外用薬,ヒーロンV眼粘弾剤シリンジ,精製ヒアルロン酸ナトリウム
2,外用薬,ヒーロン眼粘弾剤シリンジ,精製ヒアルロン酸ナトリウム
2,外用薬,ビスダームクリーム,アムシノニド
2,外用薬,ビスダーム軟膏,アムシノニド
2,外用薬,ビソノテープ,ビソプロロール
2,外用薬,ビソルボン吸入液,ブロムヘキシン塩酸塩
2,外用薬,ビベスピエアロスフィア,グリコピロニウム臭化物・ホルモテロールフマル酸塩水和物
2,外用薬,ビレーズトリエアロスフィア,ブデソニド・グリコピロニウム臭化物・ホルモテロールフマル酸塩水和物
2,外用薬,ビーエスエスプラス眼灌流液,オキシグルタチオン
2,外用薬,フィブラストスプレー,トラフェルミン
2,外用薬,フェントステープ,フェンタニルクエン酸塩
2,外用薬,フエナゾールクリーム,ウフェナマート
2,外用薬,フエナゾール軟膏,ウフェナマート
2,外用薬,フシジンレオ軟膏,フシジン酸ナトリウム
2,外用薬,フランドルテープ,硝酸イソソルビド
2,外用薬,フルタイドエアゾール,フルチカゾンプロピオン酸エステル
2,外用薬,フルタイドディスカス,フルチカゾンプロピオン酸エステル
2,外用薬,フルティフォームエアゾール,フルチカゾンプロピオン酸エステル・ホルモテロールフマル酸塩水和物
2,外用薬,フルナーゼ点鼻液,フルチカゾンプロピオン酸エステル
2,外用薬,フルメタクリーム,モメタゾンフランカルボン酸エステル
2,外用薬,フルメタローション,モメタゾンフランカルボン酸エステル
2,外用薬,フルメタ軟膏,モメタゾンフランカルボン酸エステル
2,外用薬,フルメトロン点眼液,フルオロメトロン
2,外用薬,フルルバンパップ,フルルビプロフェン
2,外用薬,フロリードDクリーム,ミコナゾール硝酸塩
2,外用薬,フロリード腟坐剤,ミコナゾール硝酸塩
2,外用薬,ブコラム口腔用液,ミダゾラム
2,外用薬,ブレオS軟膏,ブレオマイシン硫酸塩
2,外用薬,ブロナック点眼液,ブロムフェナクナトリウム水和物
2,外用薬,プルモザイム吸入液,ドルナーゼ アルファ
2,外用薬,プレグランディン腟坐剤,ゲメプロスト
2,外用薬,プロスタンディン軟膏,アルプロスタジル アルファデクス
2,外用薬,プロトピック軟膏,タクロリムス水和物
2,外用薬,プロボコリン吸入粉末溶解用,メタコリン塩化物
2,外用薬,ベガモックス点眼液,モキシフロキサシン塩酸塩
2,外用薬,ベシカムクリーム,イブプロフェンピコノール
2,外用薬,ベシカム軟膏,イブプロフェンピコノール
2,外用薬,ベストロン点眼用,セフメノキシム塩酸塩
2,外用薬,ベストロン耳鼻科用,セフメノキシム塩酸塩
2,外用薬,ベセルナクリーム,イミキモド
2,外用薬,ベネトリン吸入液,サルブタモール硫酸塩
2,外用薬,ベノキシール点眼液,オキシブプロカイン塩酸塩
2,外用薬,ベピオゲル,過酸化ベンゾイル
2,外用薬,ベピオローション,過酸化ベンゾイル
2,外用薬,ベリプラストP　コンビセット　組織接着用,フィブリノゲン加第ⅩⅢ因子
2,外用薬,ベロテックエロゾル,フェノテロール臭化水素酸塩
2,外用薬,ペキロンクリーム,アモロルフィン塩酸塩
2,外用薬,ペミラストン点眼液,ペミロラストカリウム
2,外用薬,ペンタサ坐剤,メサラジン
2,外用薬,ペンタサ注腸,メサラジン
2,外用薬,ペンレステープ,リドカイン
2,外用薬,ホクナリンテープ,ツロブテロール
2,外用薬,ホスミシンS耳科用,ホスホマイシンナトリウム
2,外用薬,ボアラクリーム,デキサメタゾン吉草酸エステル
2,外用薬,ボアラ軟膏,デキサメタゾン吉草酸エステル
2,外用薬,ボラザG坐剤,トリベノシド・リドカイン
2,外用薬,ボラザG軟膏,トリベノシド・リドカイン
2,外用薬,ボルタレンゲル,ジクロフェナクナトリウム
2,外用薬,ボルタレンサポ,ジクロフェナクナトリウム
2,外用薬,ボルタレンテープ,ジクロフェナクナトリウム
2,外用薬,ボルタレンローション,ジクロフェナクナトリウム
2,外用薬,ボルヒール組織接着用,フィブリノゲン加第ⅩⅢ因子
2,外用薬,ボレークリーム,ブテナフィン塩酸塩
2,外用薬,ボレースプレー,ブテナフィン塩酸塩
2,外用薬,ボレー外用液,ブテナフィン塩酸塩
2,外用薬,ボンアルファクリーム,タカルシトール水和物
2,外用薬,ボンアルファハイローション,タカルシトール水和物
2,外用薬,ボンアルファハイ軟膏,タカルシトール水和物
2,外用薬,ボンアルファローション,タカルシトール水和物
2,外用薬,ボンアルファ軟膏,タカルシトール水和物
2,外用薬,マイコスポールクリーム,ビホナゾール
2,外用薬,マイザークリーム,ジフルプレドナート
2,外用薬,マイザー軟膏,ジフルプレドナート
2,外用薬,マイトマイシン眼科外用液用,マイトマイシンC
2,外用薬,マーデュオックス軟膏,マキサカルシトール・ベタメタゾン酪酸エステルプロピオン酸エステル
2,外用薬,ミオコールスプレー,ニトログリセリン
2,外用薬,ミケランLA点眼液,カルテオロール塩酸塩
2,外用薬,ミケラン点眼液,カルテオロール塩酸塩
2,外用薬,ミケルナ配合点眼液,カルテオロール塩酸塩・ラタノプロスト
2,外用薬,ミニトロテープ,ニトログリセリン
2,外用薬,ミリステープ,ニトログリセリン
2,外用薬,ミルタックスパップ,ケトプロフェン
2,外用薬,ミレーナ,レボノルゲストレル
2,外用薬,ムコスタ点眼液UD,レバミピド
2,外用薬,メサデルムクリーム,デキサメタゾンプロピオン酸エステル
2,外用薬,メサデルムローション,デキサメタゾンプロピオン酸エステル
2,外用薬,メサデルム軟膏,デキサメタゾンプロピオン酸エステル
2,外用薬,メノエイドコンビパッチ,エストラジオール・酢酸ノルエチステロン
2,外用薬,メプチンエアー,プロカテロール塩酸塩水和物
2,外用薬,メプチンキッドエアー,プロカテロール塩酸塩水和物
2,外用薬,メプチンスイングヘラー,プロカテロール塩酸塩水和物
2,外用薬,メプチン吸入液,プロカテロール塩酸塩水和物
2,外用薬,メプチン吸入液ユニット,プロカテロール塩酸塩水和物
2,外用薬,メンタックスクリーム,ブテナフィン塩酸塩
2,外用薬,メンタックススプレー,ブテナフィン塩酸塩
2,外用薬,メンタックス外用液,ブテナフィン塩酸塩
2,外用薬,モイゼルト軟膏,ジファミラスト
2,外用薬,モーラステープ,ケトプロフェン
2,外用薬,モーラステープL,ケトプロフェン
2,外用薬,モーラスパップ,ケトプロフェン
2,外用薬,モーラスパップXR,ケトプロフェン
2,外用薬,ヤクバンテープ,フルルビプロフェン
2,外用薬,ユーパスタコーワ軟膏,精製白糖・ポビドンヨード
2,外用薬,ユーパスタ軟膏,精製白糖・ポビドンヨード
2,外用薬,ヨードコート軟膏,ヨウ素
2,外用薬,ラクティオンパップ,インドメタシン
2,外用薬,ラクリミン点眼液,オキシブプロカイン塩酸塩
2,外用薬,ラパリムスゲル,シロリムス
2,外用薬,ラピフォートワイプ,グリコピロニウムトシル酸塩水和物
2,外用薬,ラミシールクリーム,テルビナフィン塩酸塩
2,外用薬,ラミシール外用液,テルビナフィン塩酸塩
2,外用薬,リザベン点眼液,トラニラスト
2,外用薬,リズモンTG点眼液,チモロールマレイン酸塩
2,外用薬,リティンパ耳科用セット,トラフェルミン
2,外用薬,リドメックスコーワクリーム,プレドニゾロン吉草酸エステル酢酸エステル
2,外用薬,リドメックスコーワローション,プレドニゾロン吉草酸エステル酢酸エステル
2,外用薬,リドメックスコーワ軟膏,プレドニゾロン吉草酸エステル酢酸エステル
2,外用薬,リバスタッチパッチ,リバスチグミン
2,外用薬,リボスチン点眼液,レボカバスチン塩酸塩
2,外用薬,リボスチン点鼻液,レボカバスチン塩酸塩
2,外用薬,リレンザ,ザナミビル水和物
2,外用薬,リンデロン-DPクリーム,ベタメタゾンジプロピオン酸エステル
2,外用薬,リンデロン-DPゾル,ベタメタゾンジプロピオン酸エステル
2,外用薬,リンデロン-DP軟膏,ベタメタゾンジプロピオン酸エステル
2,外用薬,リンデロン-VGクリーム,ベタメタゾン吉草酸エステル・ゲンタマイシン硫酸塩
2,外用薬,リンデロン-VGローション,ベタメタゾン吉草酸エステル・ゲンタマイシン硫酸塩
2,外用薬,リンデロン-VG軟膏,ベタメタゾン吉草酸エステル・ゲンタマイシン硫酸塩
2,外用薬,リンデロン坐剤,ベタメタゾン
2,外用薬,ルコナック爪外用液,ルリコナゾール
2,外用薬,ルティナス腟錠,プロゲステロン
2,外用薬,ルテウム腟用坐剤,プロゲステロン
2,外用薬,ルピアール坐剤,フェノバルビタールナトリウム
2,外用薬,ルミガン点眼液,ビマトプロスト
2,外用薬,ルリコンクリーム,ルリコナゾール
2,外用薬,ルリコン液,ルリコナゾール
2,外用薬,ルリコン軟膏,ルリコナゾール
2,外用薬,ル・エストロジェル,エストラジオール
2,外用薬,レクタブル注腸フォーム,ブデソニド
2,外用薬,レスキュラ点眼液,イソプロピルウノプロストン
2,外用薬,レペタン坐剤,ブプレノルフィン塩酸塩
2,外用薬,レルベアエリプタ,ビランテロールトリフェニル酢酸塩・フルチカゾンフランカルボン酸エステル
2,外用薬,ロキソニンゲル,ロキソプロフェンナトリウム水和物
2,外用薬,ロキソニンテープ,ロキソプロフェンナトリウム水和物
2,外用薬,ロキソニンパップ,ロキソプロフェンナトリウム水和物
2,外用薬,ロコアテープ,エスフルルビプロフェン・ハッカ油
2,外用薬,ロコイドクリーム,ヒドロコルチゾン酪酸エステル
2,外用薬,ロコイド軟膏,ヒドロコルチゾン酪酸エステル
2,外用薬,ロゼックスゲル,メトロニダゾール
2,外用薬,ロナセンテープ,ブロナンセリン
2,外用薬,ロメフロンミニムス眼科耳科用液,塩酸ロメフロキサシン
2,外用薬,ロメフロン点眼液,塩酸ロメフロキサシン
2,外用薬,ロメフロン耳科用液,塩酸ロメフロキサシン
2,外用薬,ワコビタール坐剤,フェノバルビタールナトリウム
2,外用薬,ワンクリノン腟用ゲル,プロゲステロン
2,外用薬,ワンデュロパッチ,フェンタニル